ID,Label,Type
wholesomehentai,wholesomehentai,Subreddit
pantsu,pantsu,Subreddit
MorbidReality,MorbidReality,Subreddit
nsfwcyoa,nsfwcyoa,Subreddit
HENTAI_GIF,HENTAI_GIF,Subreddit
rule34,rule34,Subreddit
hentai,hentai,Subreddit
HentaiSource,HentaiSource,Subreddit
SCPorn,SCPorn,Subreddit
ChrisChanSonichu,ChrisChanSonichu,Subreddit
MirrorSelfie,MirrorSelfie,Subreddit
Wife,Wife,Subreddit
ButtsAndBareFeet,ButtsAndBareFeet,Subreddit
milfcumsluts,milfcumsluts,Subreddit
realmilf,realmilf,Subreddit
BBWTits,BBWTits,Subreddit
B_Cups,B_Cups,Subreddit
pewdiepie,pewdiepie,Subreddit
TransDIY,TransDIY,Subreddit
youtubetitties,youtubetitties,Subreddit
doomer,doomer,Subreddit
dogmemes,dogmemes,Subreddit
RealGirls,RealGirls,Subreddit
BustyPetite,BustyPetite,Subreddit
3DPorncraft,3DPorncraft,Subreddit
Cartoon_Porn,Cartoon_Porn,Subreddit
tipofmypenis,tipofmypenis,Subreddit
bluey,bluey,Subreddit
gaybears,gaybears,Subreddit
NSFW411,NSFW411,Subreddit
blackchickswhitedicks,blackchickswhitedicks,Subreddit
iWantToFuckHer,iWantToFuckHer,Subreddit
FuckYou,FuckYou,Subreddit
NakedProgress,NakedProgress,Subreddit
pokies,pokies,Subreddit
BDSMcommunity,BDSMcommunity,Subreddit
pornonyoutube,pornonyoutube,Subreddit
BDSMpersonals,BDSMpersonals,Subreddit
GrindsMyGears,GrindsMyGears,Subreddit
jav,jav,Subreddit
NSFW_GIF,NSFW_GIF,Subreddit
chastity,chastity,Subreddit
eroticliterature,eroticliterature,Subreddit
chastitytraining,chastitytraining,Subreddit
feeld,feeld,Subreddit
FemdomHumiliation,FemdomHumiliation,Subreddit
orgasmcontrol,orgasmcontrol,Subreddit
WomenOfColor,WomenOfColor,Subreddit
watchitforthecat,watchitforthecat,Subreddit
catsgonewild,catsgonewild,Subreddit
celebnsfw,celebnsfw,Subreddit
Burlesque,Burlesque,Subreddit
ABDL,ABDL,Subreddit
BdsmDIY,BdsmDIY,Subreddit
TrueFMK,TrueFMK,Subreddit
Ranked_Girls,Ranked_Girls,Subreddit
PEDs,PEDs,Subreddit
SexyButNotPorn,SexyButNotPorn,Subreddit
Porn_news,Porn_news,Subreddit
porn,porn,Subreddit
lactation,lactation,Subreddit
CreepyArt,CreepyArt,Subreddit
AskRedditAfterDark,AskRedditAfterDark,Subreddit
joi,joi,Subreddit
EroticHypnosis,EroticHypnosis,Subreddit
RandomPics,RandomPics,Subreddit
yuri,yuri,Subreddit
gentlefemdom,gentlefemdom,Subreddit
fatsquirrelhate,fatsquirrelhate,Subreddit
BBW,BBW,Subreddit
Saggy,Saggy,Subreddit
nippleclamp,nippleclamp,Subreddit
socksgonewild,socksgonewild,Subreddit
bigasses,bigasses,Subreddit
pussy,pussy,Subreddit
FacialFun,FacialFun,Subreddit
chubby,chubby,Subreddit
naturaltitties,naturaltitties,Subreddit
DDLG_Porn,DDLG_Porn,Subreddit
gwcumsluts,gwcumsluts,Subreddit
boobgifs,boobgifs,Subreddit
cleavage,cleavage,Subreddit
gonewildchubby,gonewildchubby,Subreddit
BBW_Chubby,BBW_Chubby,Subreddit
littlespace,littlespace,Subreddit
mycleavage,mycleavage,Subreddit
booty,booty,Subreddit
Spanking,Spanking,Subreddit
SluttyConfessions,SluttyConfessions,Subreddit
Yaoi_IRL,Yaoi_IRL,Subreddit
yaoi,yaoi,Subreddit
rule34gay,rule34gay,Subreddit
RandomActsOfBlowJob,RandomActsOfBlowJob,Subreddit
ExpeditionaryForce,ExpeditionaryForce,Subreddit
pornID,pornID,Subreddit
kpopfap,kpopfap,Subreddit
nextdoorasians,nextdoorasians,Subreddit
ass,ass,Subreddit
CuteLittleButts,CuteLittleButts,Subreddit
tightdresses,tightdresses,Subreddit
AsiansGoneWild,AsiansGoneWild,Subreddit
gaymersgonewild,gaymersgonewild,Subreddit
AsianHotties,AsianHotties,Subreddit
Jessicamshannon,Jessicamshannon,Subreddit
MedicalGore,MedicalGore,Subreddit
Breeding,Breeding,Subreddit
NSFWart,NSFWart,Subreddit
CowgirlsGoneWild,CowgirlsGoneWild,Subreddit
NakedAdventures,NakedAdventures,Subreddit
nsfw,nsfw,Subreddit
EroticArt,EroticArt,Subreddit
MagicMushrooms,MagicMushrooms,Subreddit
dekaihentai,dekaihentai,Subreddit
AzerothPorn,AzerothPorn,Subreddit
FemdomCommunity,FemdomCommunity,Subreddit
hentaifemdom,hentaifemdom,Subreddit
StreetFighter_R34,StreetFighter_R34,Subreddit
finalfantasynsfw,finalfantasynsfw,Subreddit
MONSTERCOCKS,MONSTERCOCKS,Subreddit
ThickDick,ThickDick,Subreddit
MassiveCock,MassiveCock,Subreddit
Bulges,Bulges,Subreddit
GoneWildCanada,GoneWildCanada,Subreddit
BHMGoneWild,BHMGoneWild,Subreddit
cock,cock,Subreddit
penis,penis,Subreddit
ChubbyDudes,ChubbyDudes,Subreddit
vancouverr4r,vancouverr4r,Subreddit
Beardsandboners,Beardsandboners,Subreddit
MermaidGirls,MermaidGirls,Subreddit
treesgonewild,treesgonewild,Subreddit
sex_comics,sex_comics,Subreddit
RockyHorror,RockyHorror,Subreddit
VintageSmut,VintageSmut,Subreddit
eroticpoems,eroticpoems,Subreddit
Strippers,Strippers,Subreddit
ArtGW,ArtGW,Subreddit
ecchi,ecchi,Subreddit
Nudes,Nudes,Subreddit
twunks,twunks,Subreddit
collegeboys,collegeboys,Subreddit
PublicBoys,PublicBoys,Subreddit
BigAndMuscular,BigAndMuscular,Subreddit
shaveddicks,shaveddicks,Subreddit
mengonewild,mengonewild,Subreddit
CurvedCock,CurvedCock,Subreddit
GayYoungOldPorn,GayYoungOldPorn,Subreddit
gayporn,gayporn,Subreddit
gaycruising,gaycruising,Subreddit
BarebackGayPorn,BarebackGayPorn,Subreddit
gaycumsluts,gaycumsluts,Subreddit
Xsome,Xsome,Subreddit
Ifyouhadtopickone,Ifyouhadtopickone,Subreddit
barelylegalteens,barelylegalteens,Subreddit
whenitgoesin,whenitgoesin,Subreddit
BlowjobGirls,BlowjobGirls,Subreddit
collegesluts,collegesluts,Subreddit
Blowjobs,Blowjobs,Subreddit
groupsex,groupsex,Subreddit
NSFW_Plowcam,NSFW_Plowcam,Subreddit
HerPOV,HerPOV,Subreddit
deepthroat,deepthroat,Subreddit
SheLikesItRough,SheLikesItRough,Subreddit
POV_cowgirl,POV_cowgirl,Subreddit
nsfwhardcore,nsfwhardcore,Subreddit
AmateurPorn,AmateurPorn,Subreddit
homemadexxx,homemadexxx,Subreddit
girlswhoride,girlswhoride,Subreddit
18Yo,18Yo,Subreddit
PiercedNSFW,PiercedNSFW,Subreddit
Lesbian_gifs,Lesbian_gifs,Subreddit
HugeDickTinyChick,HugeDickTinyChick,Subreddit
cumsluts,cumsluts,Subreddit
StandingCarryFuck,StandingCarryFuck,Subreddit
SuctionBlowjobs,SuctionBlowjobs,Subreddit
collegensfw,collegensfw,Subreddit
girlskissing,girlskissing,Subreddit
tittyfuck,tittyfuck,Subreddit
edging,edging,Subreddit
DallasSwingers,DallasSwingers,Subreddit
amateurcumsluts,amateurcumsluts,Subreddit
WifeWantstoPlay,WifeWantstoPlay,Subreddit
RealHomePorn,RealHomePorn,Subreddit
cumshots,cumshots,Subreddit
BlowJob,BlowJob,Subreddit
cumonclothes,cumonclothes,Subreddit
RedditorCum,RedditorCum,Subreddit
couplesgonewildplus,couplesgonewildplus,Subreddit
cockkisses,cockkisses,Subreddit
slutsofsnapchat,slutsofsnapchat,Subreddit
BlowjobSelfies,BlowjobSelfies,Subreddit
cumfetish,cumfetish,Subreddit
CumDumpsters,CumDumpsters,Subreddit
PrettyLittleCumsluts,PrettyLittleCumsluts,Subreddit
obsf,obsf,Subreddit
titfuck,titfuck,Subreddit
closeup,closeup,Subreddit
CumSwallowing,CumSwallowing,Subreddit
ClothedTitfuck,ClothedTitfuck,Subreddit
bangmybully,bangmybully,Subreddit
homesex,homesex,Subreddit
AmateurWifeBlowjob,AmateurWifeBlowjob,Subreddit
cfnm,cfnm,Subreddit
DFWcasualencounters,DFWcasualencounters,Subreddit
CamSluts,CamSluts,Subreddit
porn_gifs,porn_gifs,Subreddit
Swingersgw,Swingersgw,Subreddit
IWantToSuckCock,IWantToSuckCock,Subreddit
outercourse,outercourse,Subreddit
NSFWIAMA,NSFWIAMA,Subreddit
Slut,Slut,Subreddit
Facials,Facials,Subreddit
rapefantasies,rapefantasies,Subreddit
cumbtwntits,cumbtwntits,Subreddit
MonsterFacials,MonsterFacials,Subreddit
iwanttobeher,iwanttobeher,Subreddit
bodyshots,bodyshots,Subreddit
Cuckold,Cuckold,Subreddit
BigBoobsGW,BigBoobsGW,Subreddit
POVPornVids,POVPornVids,Subreddit
SwordSwallowers,SwordSwallowers,Subreddit
coveredincum,coveredincum,Subreddit
thickloads,thickloads,Subreddit
ratemyboobs,ratemyboobs,Subreddit
cumontongue,cumontongue,Subreddit
amateuroral,amateuroral,Subreddit
tittyfucking,tittyfucking,Subreddit
slutwife,slutwife,Subreddit
Tittyjobs,Tittyjobs,Subreddit
Couplesporn,Couplesporn,Subreddit
BBWHardcore,BBWHardcore,Subreddit
AmateurSlutWives,AmateurSlutWives,Subreddit
Handjob,Handjob,Subreddit
cumshotgifs,cumshotgifs,Subreddit
JizzedToThis,JizzedToThis,Subreddit
CumshotSelfies,CumshotSelfies,Subreddit
gonewild,gonewild,Subreddit
TexansGoneWild,TexansGoneWild,Subreddit
DumpsterSluts,DumpsterSluts,Subreddit
handjobs,handjobs,Subreddit
gonewild30plus,gonewild30plus,Subreddit
EngorgedVeinyBreasts,EngorgedVeinyBreasts,Subreddit
GWCouples,GWCouples,Subreddit
Amateur,Amateur,Subreddit
bigareolas,bigareolas,Subreddit
freeuse,freeuse,Subreddit
Titties,Titties,Subreddit
after_the_shot,after_the_shot,Subreddit
couplesgonewild,couplesgonewild,Subreddit
gifsgonewild,gifsgonewild,Subreddit
curvy,curvy,Subreddit
Naruto_Hentai,Naruto_Hentai,Subreddit
masturbation,masturbation,Subreddit
Sissies,Sissies,Subreddit
BigGuybutts,BigGuybutts,Subreddit
DirtySnapchat,DirtySnapchat,Subreddit
SexToys,SexToys,Subreddit
anal,anal,Subreddit
JynxMaze,JynxMaze,Subreddit
AskRedditNSFW,AskRedditNSFW,Subreddit
literotica,literotica,Subreddit
futanari,futanari,Subreddit
Rule34LoL,Rule34LoL,Subreddit
gaypornhunters,gaypornhunters,Subreddit
ratemycock,ratemycock,Subreddit
KylieJenner,KylieJenner,Subreddit
fleshlight,fleshlight,Subreddit
NYr4r,NYr4r,Subreddit
FLMedicalTrees,FLMedicalTrees,Subreddit
Boots,Boots,Subreddit
NSFWFunny,NSFWFunny,Subreddit
Vore,Vore,Subreddit
DirtyWritingPrompts,DirtyWritingPrompts,Subreddit
NSFWMemes,NSFWMemes,Subreddit
hentaimemes,hentaimemes,Subreddit
echoes,echoes,Subreddit
DollyLittle,DollyLittle,Subreddit
dirtypenpals,dirtypenpals,Subreddit
KeyHolder,KeyHolder,Subreddit
gaychastity,gaychastity,Subreddit
furryrp,furryrp,Subreddit
nsfwasmr,nsfwasmr,Subreddit
fivefapsatfreddys,fivefapsatfreddys,Subreddit
yiffcaptions,yiffcaptions,Subreddit
yiff,yiff,Subreddit
AnalOnlyLifestyle,AnalOnlyLifestyle,Subreddit
Chaturbates,Chaturbates,Subreddit
OnStageGW,OnStageGW,Subreddit
showergirls,showergirls,Subreddit
Scat34,Scat34,Subreddit
RWBYNSFW,RWBYNSFW,Subreddit
SchoolgirlsXXX,SchoolgirlsXXX,Subreddit
dirtysmall,dirtysmall,Subreddit
Gonewild18,Gonewild18,Subreddit
LegalTeens,LegalTeens,Subreddit
boobs,boobs,Subreddit
gettingherselfoff,gettingherselfoff,Subreddit
xsmallgirls,xsmallgirls,Subreddit
Erotica,Erotica,Subreddit
gonewildstories,gonewildstories,Subreddit
MonsterGirl,MonsterGirl,Subreddit
gaynsfw,gaynsfw,Subreddit
palegirls,palegirls,Subreddit
gilf,gilf,Subreddit
Gonewild40Plus,Gonewild40Plus,Subreddit
hangers,hangers,Subreddit
CougarsForCubs,CougarsForCubs,Subreddit
burstingout,burstingout,Subreddit
legs,legs,Subreddit
WeddingRingsShowing,WeddingRingsShowing,Subreddit
TheUnderbun,TheUnderbun,Subreddit
Bikini,Bikini,Subreddit
sexygirlsinjeans,sexygirlsinjeans,Subreddit
naughty,naughty,Subreddit
GirlswithGlasses,GirlswithGlasses,Subreddit
armpitfetish,armpitfetish,Subreddit
coquetteclubmagazine,coquetteclubmagazine,Subreddit
Nsfw_Amateurs,Nsfw_Amateurs,Subreddit
Blondes,Blondes,Subreddit
InstagramHotties,InstagramHotties,Subreddit
RateMyRack,RateMyRack,Subreddit
HomemadeNsfw,HomemadeNsfw,Subreddit
WhiteCheeks,WhiteCheeks,Subreddit
maturewoman,maturewoman,Subreddit
girlswithbangs,girlswithbangs,Subreddit
TheHangingBoobs,TheHangingBoobs,Subreddit
Bustyfit,Bustyfit,Subreddit
Ponytails,Ponytails,Subreddit
beautifulbutt,beautifulbutt,Subreddit
homegrowntits,homegrowntits,Subreddit
RedditNSFW,RedditNSFW,Subreddit
classysexy,classysexy,Subreddit
pussyrating,pussyrating,Subreddit
smilers,smilers,Subreddit
bats,bats,Subreddit
awkwardboners,awkwardboners,Subreddit
nycr4r,nycr4r,Subreddit
FakeCum,FakeCum,Subreddit
BBWFeet,BBWFeet,Subreddit
Headless,Headless,Subreddit
BreedingMaterial,BreedingMaterial,Subreddit
GoneWildPlus,GoneWildPlus,Subreddit
HairyAssGirls,HairyAssGirls,Subreddit
AltGirls,AltGirls,Subreddit
thick,thick,Subreddit
Pee,Pee,Subreddit
MasturbationGoneWild,MasturbationGoneWild,Subreddit
thighhighs,thighhighs,Subreddit
tanlines,tanlines,Subreddit
GiannaMichaels,GiannaMichaels,Subreddit
boltedontits,boltedontits,Subreddit
bjoverflow,bjoverflow,Subreddit
ginger,ginger,Subreddit
Ohlympics,Ohlympics,Subreddit
WatchItForThePlot,WatchItForThePlot,Subreddit
CasualJiggles,CasualJiggles,Subreddit
NostalgiaFapping,NostalgiaFapping,Subreddit
Stacked,Stacked,Subreddit
2busty2hide,2busty2hide,Subreddit
ButtSharpies,ButtSharpies,Subreddit
datgap,datgap,Subreddit
HappyEmbarrassedGirls,HappyEmbarrassedGirls,Subreddit
theratio,theratio,Subreddit
uncommonposes,uncommonposes,Subreddit
shoutreachhpg,shoutreachhpg,Subreddit
MEFetishism,MEFetishism,Subreddit
fitgirls,fitgirls,Subreddit
avocadosgonewild,avocadosgonewild,Subreddit
bdsm,bdsm,Subreddit
gaystrugglefuck,gaystrugglefuck,Subreddit
popperpigs,popperpigs,Subreddit
nopullingout,nopullingout,Subreddit
GayKink,GayKink,Subreddit
NakedOnStage,NakedOnStage,Subreddit
PeterDaou,PeterDaou,Subreddit
insaneideas,insaneideas,Subreddit
JustHotWomen,JustHotWomen,Subreddit
nsfw_gifs,nsfw_gifs,Subreddit
celebJObuds,celebJObuds,Subreddit
CumHentai,CumHentai,Subreddit
MeganRain,MeganRain,Subreddit
grailwhores,grailwhores,Subreddit
2Booty,2Booty,Subreddit
HarleyDean,HarleyDean,Subreddit
Tentai,Tentai,Subreddit
NadineJansen,NadineJansen,Subreddit
funpiece,funpiece,Subreddit
60fpsporn,60fpsporn,Subreddit
cumcoveredfucking,cumcoveredfucking,Subreddit
bigdickgirl,bigdickgirl,Subreddit
valentinanappi,valentinanappi,Subreddit
lesbianOral,lesbianOral,Subreddit
Melissamoore,Melissamoore,Subreddit
Carter_Cruise,Carter_Cruise,Subreddit
BorednIgnored,BorednIgnored,Subreddit
EnhancedFucktoys,EnhancedFucktoys,Subreddit
GameOverGirls,GameOverGirls,Subreddit
timestop,timestop,Subreddit
AngelaWhite,AngelaWhite,Subreddit
AvaDevine,AvaDevine,Subreddit
shorthairchicks,shorthairchicks,Subreddit
porninaminute,porninaminute,Subreddit
Shemale_Big_Cock,Shemale_Big_Cock,Subreddit
ropes,ropes,Subreddit
ImpresssedByCum,ImpresssedByCum,Subreddit
bigtitsinbikinis,bigtitsinbikinis,Subreddit
VictoriaJune,VictoriaJune,Subreddit
augustames,augustames,Subreddit
pawg,pawg,Subreddit
femalepov,femalepov,Subreddit
creampiegifs,creampiegifs,Subreddit
RuinedOrgasms,RuinedOrgasms,Subreddit
Esperanza_Gomez,Esperanza_Gomez,Subreddit
PiperPerri,PiperPerri,Subreddit
Fisting,Fisting,Subreddit
JuliaAnn,JuliaAnn,Subreddit
Tori_Black,Tori_Black,Subreddit
ZeroTwoHentai,ZeroTwoHentai,Subreddit
traphentai,traphentai,Subreddit
ReZeroHentai,ReZeroHentai,Subreddit
BlackIsBetter,BlackIsBetter,Subreddit
tscum,tscum,Subreddit
laracroftNSFW,laracroftNSFW,Subreddit
KagneyLinnKarter,KagneyLinnKarter,Subreddit
SarahVandella,SarahVandella,Subreddit
Orgasms,Orgasms,Subreddit
CartoonPorn,CartoonPorn,Subreddit
AsianNSFW,AsianNSFW,Subreddit
O_Faces,O_Faces,Subreddit
AsianPorn,AsianPorn,Subreddit
HentaiBeast,HentaiBeast,Subreddit
Bondage,Bondage,Subreddit
choking,choking,Subreddit
public,public,Subreddit
Jia_Lissa,Jia_Lissa,Subreddit
femyiff,femyiff,Subreddit
twerking,twerking,Subreddit
AsianBlowjobs,AsianBlowjobs,Subreddit
omgbeckylookathiscock,omgbeckylookathiscock,Subreddit
transporn,transporn,Subreddit
lesbians,lesbians,Subreddit
tflop,tflop,Subreddit
animearmpits,animearmpits,Subreddit
cunnilingus,cunnilingus,Subreddit
heteroflexible,heteroflexible,Subreddit
fuckingmachines,fuckingmachines,Subreddit
karleegrey,karleegrey,Subreddit
PornStarHQ,PornStarHQ,Subreddit
bimbofetish,bimbofetish,Subreddit
DaniDaniels,DaniDaniels,Subreddit
leahgotti,leahgotti,Subreddit
HaleyReed,HaleyReed,Subreddit
gfur,gfur,Subreddit
CumSwap,CumSwap,Subreddit
SheFucksHim,SheFucksHim,Subreddit
trashyboners,trashyboners,Subreddit
thick_clothed,thick_clothed,Subreddit
titsonastick,titsonastick,Subreddit
angrydragon,angrydragon,Subreddit
BoredandIgnored,BoredandIgnored,Subreddit
BiggerThanYouThought,BiggerThanYouThought,Subreddit
ThickFit,ThickFit,Subreddit
HotBlackChicks,HotBlackChicks,Subreddit
ComplexionExcellence,ComplexionExcellence,Subreddit
WomenOfColour,WomenOfColour,Subreddit
BlackGirlsBubbleButts,BlackGirlsBubbleButts,Subreddit
palg,palg,Subreddit
blackass,blackass,Subreddit
FitModels,FitModels,Subreddit
instahotties,instahotties,Subreddit
mmgirls,mmgirls,Subreddit
TrafficTits,TrafficTits,Subreddit
fights,fights,Subreddit
powerlanguagensfw,powerlanguagensfw,Subreddit
blazeit420,blazeit420,Subreddit
crepeshots,crepeshots,Subreddit
gonwild,gonwild,Subreddit
wacrover,wacrover,Subreddit
onlyeddit3333,onlyeddit3333,Subreddit
competenceporn,competenceporn,Subreddit
SockMonkiesGoneWild,SockMonkiesGoneWild,Subreddit
GirlsFinishingTheJob,GirlsFinishingTheJob,Subreddit
AmericanPsycho,AmericanPsycho,Subreddit
bdsmmemes,bdsmmemes,Subreddit
petplay,petplay,Subreddit
BDSMerotica,BDSMerotica,Subreddit
collared,collared,Subreddit
dirtyr4r,dirtyr4r,Subreddit
bostongonewild,bostongonewild,Subreddit
Cans,Cans,Subreddit
JessicaNigri,JessicaNigri,Subreddit
NSFWgaming,NSFWgaming,Subreddit
rule34_comics,rule34_comics,Subreddit
hentai_irl,hentai_irl,Subreddit
Darksoulsrule34,Darksoulsrule34,Subreddit
BigAnimeTiddies,BigAnimeTiddies,Subreddit
RumBuy,RumBuy,Subreddit
HorrorMovieNudes,HorrorMovieNudes,Subreddit
Milfie,Milfie,Subreddit
TooBig,TooBig,Subreddit
ElsaJean,ElsaJean,Subreddit
ImaginaryCarnage,ImaginaryCarnage,Subreddit
BrutalDeathMetal,BrutalDeathMetal,Subreddit
FemBoys,FemBoys,Subreddit
PornMemes,PornMemes,Subreddit
HentaiPetgirls,HentaiPetgirls,Subreddit
hentaibondage,hentaibondage,Subreddit
AnimeBooty,AnimeBooty,Subreddit
uncensoredhentai,uncensoredhentai,Subreddit
HentaiHumiliation,HentaiHumiliation,Subreddit
waifusgonewild,waifusgonewild,Subreddit
thighdeology,thighdeology,Subreddit
UnderTail,UnderTail,Subreddit
Warhammer_Smut,Warhammer_Smut,Subreddit
bigonewild,bigonewild,Subreddit
hotguyswithtattoos,hotguyswithtattoos,Subreddit
ForseriousLivesMatter,ForseriousLivesMatter,Subreddit
HotWifeLifestyle,HotWifeLifestyle,Subreddit
bimbofication,bimbofication,Subreddit
FetishLife,FetishLife,Subreddit
Flirting,Flirting,Subreddit
CollegeAmateurs,CollegeAmateurs,Subreddit
WomenBendingOver,WomenBendingOver,Subreddit
latinas,latinas,Subreddit
ThickThighs,ThickThighs,Subreddit
germanpornstuff,germanpornstuff,Subreddit
HighheelsGW,HighheelsGW,Subreddit
sluts,sluts,Subreddit
Paizuri,Paizuri,Subreddit
BreastExpansion,BreastExpansion,Subreddit
normalnudes,normalnudes,Subreddit
MonkeyShines,MonkeyShines,Subreddit
Overwatch_Porn,Overwatch_Porn,Subreddit
Slutoon,Slutoon,Subreddit
cosplaybutts,cosplaybutts,Subreddit
smashbros34,smashbros34,Subreddit
RedditAfterDark,RedditAfterDark,Subreddit
727,727,Subreddit
MummificationBondage,MummificationBondage,Subreddit
BDSM_Artwork,BDSM_Artwork,Subreddit
gagged,gagged,Subreddit
FList,FList,Subreddit
furrydiscordpals,furrydiscordpals,Subreddit
Jokesuncensored,Jokesuncensored,Subreddit
3b3t,3b3t,Subreddit
Clavicles,Clavicles,Subreddit
collarbonefantasies,collarbonefantasies,Subreddit
StefaniaFerrario,StefaniaFerrario,Subreddit
BreastEnvy,BreastEnvy,Subreddit
PacificIslandGirls,PacificIslandGirls,Subreddit
AssholeBehindThong,AssholeBehindThong,Subreddit
ladybonersgw,ladybonersgw,Subreddit
badvibes,badvibes,Subreddit
rninet,rninet,Subreddit
BigBrotherNSFW,BigBrotherNSFW,Subreddit
NudeBeach,NudeBeach,Subreddit
NakedInTheWoods,NakedInTheWoods,Subreddit
TittyDrop,TittyDrop,Subreddit
stonedthoughts,stonedthoughts,Subreddit
dragonsfuckingcars,dragonsfuckingcars,Subreddit
fuckmywife,fuckmywife,Subreddit
WesternHentai,WesternHentai,Subreddit
MonsterMen,MonsterMen,Subreddit
consentacles,consentacles,Subreddit
transformation,transformation,Subreddit
masskillers,masskillers,Subreddit
brunette,brunette,Subreddit
Blonde,Blonde,Subreddit
NotSafeForNature,NotSafeForNature,Subreddit
redheads,redheads,Subreddit
SonicPorn,SonicPorn,Subreddit
superheroporn,superheroporn,Subreddit
feet,feet,Subreddit
gnosis,gnosis,Subreddit
black,black,Subreddit
nudist_beach,nudist_beach,Subreddit
nudists,nudists,Subreddit
animeplot,animeplot,Subreddit
Eder,Eder,Subreddit
FloridaBeer,FloridaBeer,Subreddit
THE_PACK,THE_PACK,Subreddit
GoneMild,GoneMild,Subreddit
FootFetish,FootFetish,Subreddit
OppaiLove,OppaiLove,Subreddit
guildwarsgonewild,guildwarsgonewild,Subreddit
gonewildaudio,gonewildaudio,Subreddit
DirtyChatPals,DirtyChatPals,Subreddit
Sexy,Sexy,Subreddit
pornvids,pornvids,Subreddit
DDLCRule34,DDLCRule34,Subreddit
handholding,handholding,Subreddit
yiffcomics,yiffcomics,Subreddit
lewdgames,lewdgames,Subreddit
ZonaEnts,ZonaEnts,Subreddit
DeniseAustin,DeniseAustin,Subreddit
shibari,shibari,Subreddit
strapon,strapon,Subreddit
BDSMGW,BDSMGW,Subreddit
Femdom,Femdom,Subreddit
HotorNotFemDom,HotorNotFemDom,Subreddit
fetish,fetish,Subreddit
ShinyPorn,ShinyPorn,Subreddit
VerifiedFeet,VerifiedFeet,Subreddit
femdomgonewild,femdomgonewild,Subreddit
LadiesInLeather,LadiesInLeather,Subreddit
findom,findom,Subreddit
femdomcaptions,femdomcaptions,Subreddit
shinyvids,shinyvids,Subreddit
Censoredforbetas,Censoredforbetas,Subreddit
GloveLove,GloveLove,Subreddit
girlswearingstrapons,girlswearingstrapons,Subreddit
spitfetish,spitfetish,Subreddit
oculusnsfw,oculusnsfw,Subreddit
grilledcheesegonewild,grilledcheesegonewild,Subreddit
tits,tits,Subreddit
NSFW_Social,NSFW_Social,Subreddit
CamGirls,CamGirls,Subreddit
BustyNaturals,BustyNaturals,Subreddit
pantyhose,pantyhose,Subreddit
girlsinyogapants,girlsinyogapants,Subreddit
boysgonewild,boysgonewild,Subreddit
Homosexual,Homosexual,Subreddit
CuteGuyButts,CuteGuyButts,Subreddit
gayotters,gayotters,Subreddit
GaybrosGoneWild,GaybrosGoneWild,Subreddit
broslikeus,broslikeus,Subreddit
smallboobs,smallboobs,Subreddit
BehindGonewild,BehindGonewild,Subreddit
peegonewild,peegonewild,Subreddit
Hotwife,Hotwife,Subreddit
AsianCumsluts,AsianCumsluts,Subreddit
socalgonewild,socalgonewild,Subreddit
SanDiegoR4R,SanDiegoR4R,Subreddit
shesgonnacum,shesgonnacum,Subreddit
asiangirlswhitecocks,asiangirlswhitecocks,Subreddit
squirting,squirting,Subreddit
squirtinggonewild,squirtinggonewild,Subreddit
AirTight,AirTight,Subreddit
highheelsNSFW,highheelsNSFW,Subreddit
lingerie,lingerie,Subreddit
foreskin,foreskin,Subreddit
forearmporn,forearmporn,Subreddit
RandomActsOfMuffDive,RandomActsOfMuffDive,Subreddit
stockingfetish,stockingfetish,Subreddit
Nylonfetish,Nylonfetish,Subreddit
DatV,DatV,Subreddit
ThongingMens,ThongingMens,Subreddit
pegging_unkinked,pegging_unkinked,Subreddit
GuysFromBehind,GuysFromBehind,Subreddit
GayThong,GayThong,Subreddit
DadsGoneWild,DadsGoneWild,Subreddit
musique,musique,Subreddit
SauceforNSFWads,SauceforNSFWads,Subreddit
gaybroscirclejerk,gaybroscirclejerk,Subreddit
vdm,vdm,Subreddit
doublepenetration,doublepenetration,Subreddit
averagepenis,averagepenis,Subreddit
fleshlighters,fleshlighters,Subreddit
CoffeeGoneWild,CoffeeGoneWild,Subreddit
fortyfivefiftyfive,fortyfivefiftyfive,Subreddit
biggerthanherhead,biggerthanherhead,Subreddit
MilitaryGoneWild,MilitaryGoneWild,Subreddit
AskAnEscort,AskAnEscort,Subreddit
BiCuriousGuysChat,BiCuriousGuysChat,Subreddit
uncut_cock,uncut_cock,Subreddit
TightForeskin,TightForeskin,Subreddit
malepubes,malepubes,Subreddit
softies,softies,Subreddit
SexFantasies,SexFantasies,Subreddit
tightywhities,tightywhities,Subreddit
TopsAndBottoms,TopsAndBottoms,Subreddit
Vore2,Vore2,Subreddit
gonewildcouples,gonewildcouples,Subreddit
girlsmasturbating,girlsmasturbating,Subreddit
RateMyNudeBody,RateMyNudeBody,Subreddit
Feet_NSFW,Feet_NSFW,Subreddit
gstrings,gstrings,Subreddit
solesandholes,solesandholes,Subreddit
men_in_panties,men_in_panties,Subreddit
Bodystockings,Bodystockings,Subreddit
MenWithToys,MenWithToys,Subreddit
sissypersonals,sissypersonals,Subreddit
GoneMildCD,GoneMildCD,Subreddit
tbulges,tbulges,Subreddit
Musk,Musk,Subreddit
noshit,noshit,Subreddit
R4R40Plus,R4R40Plus,Subreddit
bikerrallys,bikerrallys,Subreddit
spac,spac,Subreddit
minnesotamarijuana,minnesotamarijuana,Subreddit
subarugonewild,subarugonewild,Subreddit
CuteTummies,CuteTummies,Subreddit
Cute_Faces,Cute_Faces,Subreddit
momsbangteens,momsbangteens,Subreddit
Latina_Porn,Latina_Porn,Subreddit
iamatease,iamatease,Subreddit
sexyselfie,sexyselfie,Subreddit
Babygirl,Babygirl,Subreddit
funsized,funsized,Subreddit
18_19,18_19,Subreddit
roleplaying,roleplaying,Subreddit
preyingmantis,preyingmantis,Subreddit
twinksinstraightporn,twinksinstraightporn,Subreddit
Hairymanass,Hairymanass,Subreddit
GaySubreddits,GaySubreddits,Subreddit
asiangirlsforwhitemen,asiangirlsforwhitemen,Subreddit
hotgirlswithtattoos,hotgirlswithtattoos,Subreddit
bikinis,bikinis,Subreddit
sportsbrasGW,sportsbrasGW,Subreddit
realbikinis,realbikinis,Subreddit
skinnytail,skinnytail,Subreddit
Exhibitionistfun,Exhibitionistfun,Subreddit
Ribcage,Ribcage,Subreddit
CamilaCabelloLewd,CamilaCabelloLewd,Subreddit
ArianaGrandeLewd,ArianaGrandeLewd,Subreddit
ConnecticutR4R,ConnecticutR4R,Subreddit
ThickChixxx,ThickChixxx,Subreddit
gwpublic,gwpublic,Subreddit
webcamgirlsnsfw,webcamgirlsnsfw,Subreddit
realsexyselfies,realsexyselfies,Subreddit
FitNakedGirls,FitNakedGirls,Subreddit
Mexicana,Mexicana,Subreddit
Thighs,Thighs,Subreddit
notgayporn,notgayporn,Subreddit
baramanga,baramanga,Subreddit
TotallyStraight,TotallyStraight,Subreddit
MaleUnderwear,MaleUnderwear,Subreddit
GayNSFWFunny,GayNSFWFunny,Subreddit
UniformedMen,UniformedMen,Subreddit
jockstraps,jockstraps,Subreddit
adultvrgames,adultvrgames,Subreddit
PiercedCock,PiercedCock,Subreddit
3DHentai,3DHentai,Subreddit
Shortstacks,Shortstacks,Subreddit
asseffect,asseffect,Subreddit
Alfie,Alfie,Subreddit
Huniepop,Huniepop,Subreddit
Fenoxo,Fenoxo,Subreddit
netorare,netorare,Subreddit
VAMscenes,VAMscenes,Subreddit
HoneySelect,HoneySelect,Subreddit
bicuckold,bicuckold,Subreddit
YogaPants,YogaPants,Subreddit
HaloMCC,HaloMCC,Subreddit
UlmGonewild,UlmGonewild,Subreddit
animebutts,animebutts,Subreddit
HentaiBreeding,HentaiBreeding,Subreddit
Giantess,Giantess,Subreddit
SexyStoners,SexyStoners,Subreddit
BigBellies,BigBellies,Subreddit
Stuffers,Stuffers,Subreddit
dnd_nsfw,dnd_nsfw,Subreddit
MenGW,MenGW,Subreddit
jacking,jacking,Subreddit
GayBBC,GayBBC,Subreddit
cockcompare,cockcompare,Subreddit
GaySnapchatImages,GaySnapchatImages,Subreddit
blackcock,blackcock,Subreddit
thehotspot,thehotspot,Subreddit
guessmybf,guessmybf,Subreddit
catboys,catboys,Subreddit
Lamia,Lamia,Subreddit
Sexsells,Sexsells,Subreddit
nsfw_meme,nsfw_meme,Subreddit
ToplessInJeans,ToplessInJeans,Subreddit
OpenShirt,OpenShirt,Subreddit
BigBoobsGonewild,BigBoobsGonewild,Subreddit
gwchristmas2015,gwchristmas2015,Subreddit
gwbackup,gwbackup,Subreddit
thong,thong,Subreddit
fishnets,fishnets,Subreddit
ThePose,ThePose,Subreddit
adorableporn,adorableporn,Subreddit
OnOff,OnOff,Subreddit
PussyFlashing,PussyFlashing,Subreddit
SexyTummies,SexyTummies,Subreddit
nobra,nobra,Subreddit
shavedpussies,shavedpussies,Subreddit
bralessinmotion,bralessinmotion,Subreddit
Nipples,Nipples,Subreddit
GirlsShowering,GirlsShowering,Subreddit
braless,braless,Subreddit
seethru,seethru,Subreddit
panties,panties,Subreddit
Dildo_Gifs,Dildo_Gifs,Subreddit
asstastic,asstastic,Subreddit
GetVerified,GetVerified,Subreddit
GodPussy,GodPussy,Subreddit
gymgirls,gymgirls,Subreddit
TinyTits,TinyTits,Subreddit
Upskirt,Upskirt,Subreddit
SexiestPetites,SexiestPetites,Subreddit
LingerieGW,LingerieGW,Subreddit
petite,petite,Subreddit
leggingsgonewild,leggingsgonewild,Subreddit
UnderwearGW,UnderwearGW,Subreddit
GoneWildHairy,GoneWildHairy,Subreddit
dykesgonewild,dykesgonewild,Subreddit
DrawMeNSFW,DrawMeNSFW,Subreddit
DarkAngels,DarkAngels,Subreddit
MouthWideOpen,MouthWideOpen,Subreddit
AthleticBabes,AthleticBabes,Subreddit
tights,tights,Subreddit
DegradingHoles,DegradingHoles,Subreddit
SpreadEm,SpreadEm,Subreddit
ButterflyWings,ButterflyWings,Subreddit
Babes,Babes,Subreddit
boobbounce,boobbounce,Subreddit
piercednipples,piercednipples,Subreddit
DressedAndUndressed,DressedAndUndressed,Subreddit
FlashingGirls,FlashingGirls,Subreddit
asshole,asshole,Subreddit
assholegonewild,assholegonewild,Subreddit
tailplug,tailplug,Subreddit
AmazingCurves,AmazingCurves,Subreddit
amateur_milfs,amateur_milfs,Subreddit
FantasticBreasts,FantasticBreasts,Subreddit
beachgirls,beachgirls,Subreddit
PantyPeel,PantyPeel,Subreddit
GirlsinLaceFishnets,GirlsinLaceFishnets,Subreddit
MilfPanties,MilfPanties,Subreddit
nakedinthekitchen,nakedinthekitchen,Subreddit
TallGoneWild,TallGoneWild,Subreddit
bigtiddygothgf,bigtiddygothgf,Subreddit
GoneErotic,GoneErotic,Subreddit
wifesharing,wifesharing,Subreddit
TrueSPH,TrueSPH,Subreddit
assinthong,assinthong,Subreddit
Workoutgonewild,Workoutgonewild,Subreddit
onmww,onmww,Subreddit
FtMPorn,FtMPorn,Subreddit
thefullbush,thefullbush,Subreddit
Hairy,Hairy,Subreddit
bois,bois,Subreddit
HairyArmpits,HairyArmpits,Subreddit
BellyButtons,BellyButtons,Subreddit
altgonewild,altgonewild,Subreddit
HungryButts,HungryButts,Subreddit
FrogButt,FrogButt,Subreddit
hipcleavage,hipcleavage,Subreddit
TributeMe,TributeMe,Subreddit
bodyperfection,bodyperfection,Subreddit
Threesome,Threesome,Subreddit
AreolasGW,AreolasGW,Subreddit
Puffies,Puffies,Subreddit
creampies,creampies,Subreddit
GoneWildScrubs,GoneWildScrubs,Subreddit
Ebony,Ebony,Subreddit
gonewildcolor,gonewildcolor,Subreddit
GoneWildSmiles,GoneWildSmiles,Subreddit
downblouse,downblouse,Subreddit
JiggleFuck,JiggleFuck,Subreddit
emogirls,emogirls,Subreddit
SchoolGirlSkirts,SchoolGirlSkirts,Subreddit
roadtitties,roadtitties,Subreddit
DraculaBiscuits,DraculaBiscuits,Subreddit
bignipples,bignipples,Subreddit
booty_queens,booty_queens,Subreddit
A_Cups,A_Cups,Subreddit
footjobs,footjobs,Subreddit
HypnoFair,HypnoFair,Subreddit
GWAScriptGuild,GWAScriptGuild,Subreddit
tantricsex,tantricsex,Subreddit
pillowtalkaudio,pillowtalkaudio,Subreddit
HypnoGoneWild,HypnoGoneWild,Subreddit
GonewildAudible,GonewildAudible,Subreddit
milf,milf,Subreddit
daresgonewild,daresgonewild,Subreddit
PUBLICNUDITY,PUBLICNUDITY,Subreddit
Flashing,Flashing,Subreddit
PublicFlashing,PublicFlashing,Subreddit
tomboyNSFW,tomboyNSFW,Subreddit
FeetInYourFace,FeetInYourFace,Subreddit
stripgirls,stripgirls,Subreddit
TooCuteForPorn,TooCuteForPorn,Subreddit
wifeporn,wifeporn,Subreddit
LatinasGW,LatinasGW,Subreddit
WouldYouFuckMyWife,WouldYouFuckMyWife,Subreddit
PetiteGoneWild,PetiteGoneWild,Subreddit
GoneWildTube,GoneWildTube,Subreddit
PhatAssWhiteGirl,PhatAssWhiteGirl,Subreddit
hugenaturals,hugenaturals,Subreddit
ChristianGirls,ChristianGirls,Subreddit
torpedotits,torpedotits,Subreddit
IndianBabes,IndianBabes,Subreddit
juicyasians,juicyasians,Subreddit
gonewildcurvy,gonewildcurvy,Subreddit
maturemilf,maturemilf,Subreddit
sextoyreviews,sextoyreviews,Subreddit
BadDragon,BadDragon,Subreddit
croptopgirls,croptopgirls,Subreddit
pissing,pissing,Subreddit
GoneMildOver30,GoneMildOver30,Subreddit
creampie,creampie,Subreddit
GrannyPanties,GrannyPanties,Subreddit
NSFW_Hardbodies,NSFW_Hardbodies,Subreddit
EdibleButtholes,EdibleButtholes,Subreddit
orgasmiccontractions,orgasmiccontractions,Subreddit
thongs,thongs,Subreddit
RateMyAss,RateMyAss,Subreddit
PantiesToTheSide,PantiesToTheSide,Subreddit
grool,grool,Subreddit
LabiaGW,LabiaGW,Subreddit
areolas,areolas,Subreddit
BBCSluts,BBCSluts,Subreddit
squirting_gifs,squirting_gifs,Subreddit
gothsluts,gothsluts,Subreddit
ToplessInPanties,ToplessInPanties,Subreddit
schoolgirlsgonewild,schoolgirlsgonewild,Subreddit
BonerMaterial,BonerMaterial,Subreddit
slightlychubby,slightlychubby,Subreddit
LipsThatGrip,LipsThatGrip,Subreddit
facesitting,facesitting,Subreddit
PussyWedgie,PussyWedgie,Subreddit
smokingfetish,smokingfetish,Subreddit
NerdyGoneWild,NerdyGoneWild,Subreddit
GWNerdy,GWNerdy,Subreddit
MassiveTitsnAss,MassiveTitsnAss,Subreddit
hugeboobs,hugeboobs,Subreddit
asiansgonemild,asiansgonemild,Subreddit
underboob,underboob,Subreddit
realmoms,realmoms,Subreddit
QueenofSpades,QueenofSpades,Subreddit
CellShots,CellShots,Subreddit
damngoodinterracial,damngoodinterracial,Subreddit
dildothreesomes,dildothreesomes,Subreddit
cheatingwives,cheatingwives,Subreddit
AnalGW,AnalGW,Subreddit
buttplug,buttplug,Subreddit
leggings,leggings,Subreddit
FapDeciders,FapDeciders,Subreddit
pronebone,pronebone,Subreddit
WhiteAndThick,WhiteAndThick,Subreddit
Gewerkschaft,Gewerkschaft,Subreddit
dawsonscreek,dawsonscreek,Subreddit
ImaginaryLesBoners,ImaginaryLesBoners,Subreddit
OldSchoolCoolNSFW,OldSchoolCoolNSFW,Subreddit
CelebrityButts,CelebrityButts,Subreddit
CelebsGW,CelebsGW,Subreddit
nsfwcelebs,nsfwcelebs,Subreddit
CelebNudes,CelebNudes,Subreddit
CelebMilfs,CelebMilfs,Subreddit
alejandraguilmant,alejandraguilmant,Subreddit
AnimalsKillingPeople,AnimalsKillingPeople,Subreddit
PokePorn,PokePorn,Subreddit
dickgirls,dickgirls,Subreddit
chickflixxx,chickflixxx,Subreddit
newreddits_nsfw,newreddits_nsfw,Subreddit
passionx,passionx,Subreddit
JackAndJill,JackAndJill,Subreddit
HighResNSFW,HighResNSFW,Subreddit
AgedBeauty,AgedBeauty,Subreddit
ToysGW,ToysGW,Subreddit
Alexis_Fawx,Alexis_Fawx,Subreddit
ReaganFoxx,ReaganFoxx,Subreddit
skylerlo,skylerlo,Subreddit
KenzieTaylor,KenzieTaylor,Subreddit
SexToyDeals,SexToyDeals,Subreddit
SexToysInUse,SexToysInUse,Subreddit
PornStars,PornStars,Subreddit
PornstarVSPornstar,PornstarVSPornstar,Subreddit
LaurenPhillips,LaurenPhillips,Subreddit
ReyaSunshine,ReyaSunshine,Subreddit
myfreecams,myfreecams,Subreddit
ToyControl,ToyControl,Subreddit
DirtyGaming,DirtyGaming,Subreddit
SexToysCollection,SexToysCollection,Subreddit
futureofsex,futureofsex,Subreddit
NSFWskype,NSFWskype,Subreddit
FutaCum,FutaCum,Subreddit
HypnoHentai,HypnoHentai,Subreddit
FutanariHentai,FutanariHentai,Subreddit
sissyhypno,sissyhypno,Subreddit
Futadomworld,Futadomworld,Subreddit
succubus,succubus,Subreddit
MinecraftRule34,MinecraftRule34,Subreddit
eroge,eroge,Subreddit
Adult_Gaming,Adult_Gaming,Subreddit
Futanari_Games,Futanari_Games,Subreddit
nsfwdev,nsfwdev,Subreddit
karina,karina,Subreddit
katherine,katherine,Subreddit
armmj,armmj,Subreddit
AmericasCardroom,AmericasCardroom,Subreddit
fbb_NSFW,fbb_NSFW,Subreddit
AnimeMILFS,AnimeMILFS,Subreddit
fitdrawngirls,fitdrawngirls,Subreddit
groupsexhentai,groupsexhentai,Subreddit
AthleticGirls,AthleticGirls,Subreddit
PerkyChubby,PerkyChubby,Subreddit
horny,horny,Subreddit
Jacktheripper,Jacktheripper,Subreddit
2137,2137,Subreddit
ericacampbell,ericacampbell,Subreddit
Thicker,Thicker,Subreddit
WarriorWomen,WarriorWomen,Subreddit
sideboob,sideboob,Subreddit
cameltoe,cameltoe,Subreddit
standingout,standingout,Subreddit
nsfwgif,nsfwgif,Subreddit
bruxism,bruxism,Subreddit
pelfie,pelfie,Subreddit
NSFWarframe,NSFWarframe,Subreddit
sexystories,sexystories,Subreddit
hentaicaptions,hentaicaptions,Subreddit
fightclubnotthemovie,fightclubnotthemovie,Subreddit
huntakiller,huntakiller,Subreddit
cardsagainsthumanity,cardsagainsthumanity,Subreddit
Hey_GFY,Hey_GFY,Subreddit
Feelings,Feelings,Subreddit
Latexadvice,Latexadvice,Subreddit
guro,guro,Subreddit
RugsOnly,RugsOnly,Subreddit
AsianFetish,AsianFetish,Subreddit
BodyWriting,BodyWriting,Subreddit
sexover50,sexover50,Subreddit
PickOne,PickOne,Subreddit
WrestleFap,WrestleFap,Subreddit
OnOffCelebs,OnOffCelebs,Subreddit
PokerStars,PokerStars,Subreddit
StraightGirlsPlaying,StraightGirlsPlaying,Subreddit
underbutt,underbutt,Subreddit
classygirls,classygirls,Subreddit
MomSonIncest,MomSonIncest,Subreddit
grower,grower,Subreddit
fentanyl,fentanyl,Subreddit
PimplePoppersDelight,PimplePoppersDelight,Subreddit
newsgirls,newsgirls,Subreddit
anastasia_shcheglova,anastasia_shcheglova,Subreddit
Playboy,Playboy,Subreddit
Carts,Carts,Subreddit
EbonyGirls,EbonyGirls,Subreddit
MoundofVenus,MoundofVenus,Subreddit
ghostnipples,ghostnipples,Subreddit
hairywomenaresexy,hairywomenaresexy,Subreddit
WtSSTaDaMiT,WtSSTaDaMiT,Subreddit
Trashfire,Trashfire,Subreddit
metart,metart,Subreddit
BikiniBodies,BikiniBodies,Subreddit
Boobies,Boobies,Subreddit
whooties,whooties,Subreddit
SlimThick,SlimThick,Subreddit
SolidSnakes,SolidSnakes,Subreddit
louboutins,louboutins,Subreddit
randomsexiness,randomsexiness,Subreddit
redlingerie,redlingerie,Subreddit
FootFetishCuckold,FootFetishCuckold,Subreddit
PunkGirls,PunkGirls,Subreddit
nailFetish,nailFetish,Subreddit
girlsinleggings,girlsinleggings,Subreddit
Hotchickswithtattoos,Hotchickswithtattoos,Subreddit
ahegao,ahegao,Subreddit
BlackNailsNSFW,BlackNailsNSFW,Subreddit
miniskirt,miniskirt,Subreddit
GirlswithNeonHair,GirlswithNeonHair,Subreddit
LaBeauteFeminine,LaBeauteFeminine,Subreddit
GrabHerTitties,GrabHerTitties,Subreddit
SourcePornMaker,SourcePornMaker,Subreddit
PixelArtNSFW,PixelArtNSFW,Subreddit
e621,e621,Subreddit
tickling,tickling,Subreddit
indiangirls,indiangirls,Subreddit
javdreams,javdreams,Subreddit
NSFW_Japan,NSFW_Japan,Subreddit
transdating,transdating,Subreddit
Xev_Bellringer,Xev_Bellringer,Subreddit
Pornhub,Pornhub,Subreddit
lesbianteens,lesbianteens,Subreddit
FlawedBoltons,FlawedBoltons,Subreddit
ketogonewild,ketogonewild,Subreddit
AndroidNSFWgaming,AndroidNSFWgaming,Subreddit
RedSquaree,RedSquaree,Subreddit
kinky,kinky,Subreddit
usedsextoys,usedsextoys,Subreddit
aneros,aneros,Subreddit
WetAndMessy,WetAndMessy,Subreddit
AzurLewd,AzurLewd,Subreddit
Daddypics,Daddypics,Subreddit
GayDaddiesPics,GayDaddiesPics,Subreddit
howyoudoing,howyoudoing,Subreddit
DarkestWomen,DarkestWomen,Subreddit
Wondershowzen,Wondershowzen,Subreddit
KCGoneWild,KCGoneWild,Subreddit
HypnoHookup,HypnoHookup,Subreddit
gaydating,gaydating,Subreddit
gingerdudes,gingerdudes,Subreddit
TrueBigDickStories,TrueBigDickStories,Subreddit
SexDolls,SexDolls,Subreddit
hentaichastity,hentaichastity,Subreddit
corruptionhentai,corruptionhentai,Subreddit
StraightPegging,StraightPegging,Subreddit
Bukkake,Bukkake,Subreddit
gayspanking,gayspanking,Subreddit
FantasyGirls,FantasyGirls,Subreddit
JRSmith,JRSmith,Subreddit
boudoir,boudoir,Subreddit
Payroll,Payroll,Subreddit
EmbarrassedHentai,EmbarrassedHentai,Subreddit
starwarsnsfw,starwarsnsfw,Subreddit
girlsdoingnerdythings,girlsdoingnerdythings,Subreddit
PreggoPorn,PreggoPorn,Subreddit
Unashamed,Unashamed,Subreddit
FaceFuck,FaceFuck,Subreddit
blowjobsandwich,blowjobsandwich,Subreddit
cumwalk,cumwalk,Subreddit
abelladanger,abelladanger,Subreddit
RileyReid,RileyReid,Subreddit
AdrianaChechik,AdrianaChechik,Subreddit
KimmyGranger,KimmyGranger,Subreddit
Alisai,Alisai,Subreddit
MalenaMorgan,MalenaMorgan,Subreddit
UHDnsfw,UHDnsfw,Subreddit
SybilA,SybilA,Subreddit
EmilyBloom,EmilyBloom,Subreddit
Photodromm,Photodromm,Subreddit
blondegirlsfucking,blondegirlsfucking,Subreddit
asaakira,asaakira,Subreddit
HardcoreNSFW,HardcoreNSFW,Subreddit
anal_gifs,anal_gifs,Subreddit
squirtingvideos,squirtingvideos,Subreddit
Fingering,Fingering,Subreddit
doubleanal,doubleanal,Subreddit
NSFW_HTML5,NSFW_HTML5,Subreddit
EmilyWillis,EmilyWillis,Subreddit
LittleCaprice,LittleCaprice,Subreddit
Nancy_A,Nancy_A,Subreddit
nsfw_bw,nsfw_bw,Subreddit
olgakobzar,olgakobzar,Subreddit
ArchedBacks,ArchedBacks,Subreddit
WindowBeauty,WindowBeauty,Subreddit
Olga_Alberti,Olga_Alberti,Subreddit
BookNymphs,BookNymphs,Subreddit
LidiaSavoderova,LidiaSavoderova,Subreddit
NSFWfashion,NSFWfashion,Subreddit
whitelingerie,whitelingerie,Subreddit
LucyLi,LucyLi,Subreddit
BacklitBeauty,BacklitBeauty,Subreddit
GarterBelts,GarterBelts,Subreddit
FFNBPS,FFNBPS,Subreddit
Pantiesdown,Pantiesdown,Subreddit
hotofficegirls,hotofficegirls,Subreddit
Secretary,Secretary,Subreddit
Reflections,Reflections,Subreddit
SexyGirlsInBoots,SexyGirlsInBoots,Subreddit
bra,bra,Subreddit
aa_cups,aa_cups,Subreddit
handbra,handbra,Subreddit
scissoring,scissoring,Subreddit
asianpornstars,asianpornstars,Subreddit
UncensoredAsian,UncensoredAsian,Subreddit
GroupOfNudeGirls,GroupOfNudeGirls,Subreddit
swimsuit,swimsuit,Subreddit
NSFW_Outdoors,NSFW_Outdoors,Subreddit
quiver,quiver,Subreddit
OnePieceSuits,OnePieceSuits,Subreddit
dillion_harper,dillion_harper,Subreddit
AmiaMiley,AmiaMiley,Subreddit
ChloeFoster,ChloeFoster,Subreddit
catieminx,catieminx,Subreddit
MiaMalkova,MiaMalkova,Subreddit
CumHaters,CumHaters,Subreddit
KyliePage,KyliePage,Subreddit
arianamarie,arianamarie,Subreddit
KenzieReeves,KenzieReeves,Subreddit
arielrebel,arielrebel,Subreddit
RemyLaCroix,RemyLaCroix,Subreddit
FayeReagan,FayeReagan,Subreddit
Kristen_Scott,Kristen_Scott,Subreddit
pornpics,pornpics,Subreddit
mila_azul,mila_azul,Subreddit
gloria_sol,gloria_sol,Subreddit
holdthemoan,holdthemoan,Subreddit
KeishaGrey,KeishaGrey,Subreddit
lanarhoades,lanarhoades,Subreddit
RileyJensen,RileyJensen,Subreddit
Violet_Starr,Violet_Starr,Subreddit
KaydenKross,KaydenKross,Subreddit
alexagrace,alexagrace,Subreddit
prematurecumshots,prematurecumshots,Subreddit
AlinaLopez,AlinaLopez,Subreddit
MetArt_Network,MetArt_Network,Subreddit
InTheCrack,InTheCrack,Subreddit
MPLStudios,MPLStudios,Subreddit
sexart,sexart,Subreddit
xart,xart,Subreddit
Hegre,Hegre,Subreddit
Brawesome,Brawesome,Subreddit
MicroBikini,MicroBikini,Subreddit
slingbikini,slingbikini,Subreddit
spreadeagle,spreadeagle,Subreddit
VintageBabes,VintageBabes,Subreddit
naughtyamerica,naughtyamerica,Subreddit
90sTits,90sTits,Subreddit
CrochetBikinis,CrochetBikinis,Subreddit
pornstarbikinis,pornstarbikinis,Subreddit
Penthouse_Pics,Penthouse_Pics,Subreddit
SpitRoasted,SpitRoasted,Subreddit
ChineseHotties,ChineseHotties,Subreddit
spitroast,spitroast,Subreddit
WhyEvenWearAnything,WhyEvenWearAnything,Subreddit
easterneuropeangirls,easterneuropeangirls,Subreddit
ItalianBoners,ItalianBoners,Subreddit
OnHerBack,OnHerBack,Subreddit
Dakini,Dakini,Subreddit
SwimsuitBooty,SwimsuitBooty,Subreddit
Joymii,Joymii,Subreddit
YouTubersGoneWild,YouTubersGoneWild,Subreddit
damselsindistress,damselsindistress,Subreddit
countrygirls,countrygirls,Subreddit
playboy_playmates,playboy_playmates,Subreddit
frenchmaid,frenchmaid,Subreddit
HotInTheKitchen,HotInTheKitchen,Subreddit
Page3Glamour,Page3Glamour,Subreddit
plainwhitets,plainwhitets,Subreddit
IShouldBuyABoat,IShouldBuyABoat,Subreddit
GirlsWithBigHats,GirlsWithBigHats,Subreddit
suicidegirls,suicidegirls,Subreddit
PoolsidePorn,PoolsidePorn,Subreddit
BottomlessVixens,BottomlessVixens,Subreddit
ColorfulPorn,ColorfulPorn,Subreddit
distension,distension,Subreddit
luciewilde,luciewilde,Subreddit
KindaLooksLike,KindaLooksLike,Subreddit
PornStarletHQ,PornStarletHQ,Subreddit
throatbarrier,throatbarrier,Subreddit
Roughsex,Roughsex,Subreddit
AvaAddams,AvaAddams,Subreddit
hookuphotshot,hookuphotshot,Subreddit
thongtanlines,thongtanlines,Subreddit
StellaCox,StellaCox,Subreddit
JessaRhodes,JessaRhodes,Subreddit
Lela_Star,Lela_Star,Subreddit
DestinyDixon,DestinyDixon,Subreddit
AnnaBellPeaks,AnnaBellPeaks,Subreddit
Bailey_Brooke,Bailey_Brooke,Subreddit
anikkaalbrite,anikkaalbrite,Subreddit
NudeCelebsOnly,NudeCelebsOnly,Subreddit
DylanRyder,DylanRyder,Subreddit
Squat_Fuck,Squat_Fuck,Subreddit
madelyn_marie,madelyn_marie,Subreddit
analinsertions,analinsertions,Subreddit
SoloMasturbation,SoloMasturbation,Subreddit
adultgifs,adultgifs,Subreddit
AbellaAnderson,AbellaAnderson,Subreddit
AsianAmericanPorn,AsianAmericanPorn,Subreddit
TheRedFox,TheRedFox,Subreddit
XXX_Animated_Gifs,XXX_Animated_Gifs,Subreddit
Jenya_D,Jenya_D,Subreddit
PornGifs,PornGifs,Subreddit
VeronicaRodriguez,VeronicaRodriguez,Subreddit
April_ONeil,April_ONeil,Subreddit
Sashagrey,Sashagrey,Subreddit
DarciaLee,DarciaLee,Subreddit
JessieRogers,JessieRogers,Subreddit
GinaValentina,GinaValentina,Subreddit
CassidyBanks,CassidyBanks,Subreddit
EllaKnox,EllaKnox,Subreddit
kaliroses,kaliroses,Subreddit
BlackAngelika,BlackAngelika,Subreddit
Sabrina_Nichole,Sabrina_Nichole,Subreddit
HoneyGold,HoneyGold,Subreddit
Whitney_Westgate,Whitney_Westgate,Subreddit
MuricaNSFW,MuricaNSFW,Subreddit
camsoda,camsoda,Subreddit
FunWithFriends,FunWithFriends,Subreddit
nsfwcosplay,nsfwcosplay,Subreddit
AnalGape,AnalGape,Subreddit
MasterOfAnal,MasterOfAnal,Subreddit
NSFWCostumes,NSFWCostumes,Subreddit
CosplayFeet,CosplayFeet,Subreddit
hugeass,hugeass,Subreddit
NudeCosplay,NudeCosplay,Subreddit
BubbleButts,BubbleButts,Subreddit
rule34feet,rule34feet,Subreddit
OralCreampie,OralCreampie,Subreddit
voluptuous,voluptuous,Subreddit
HotStuffNSFW,HotStuffNSFW,Subreddit
suctiondildos,suctiondildos,Subreddit
Hayden_Winters,Hayden_Winters,Subreddit
Elsas,Elsas,Subreddit
GirlsTakingOver,GirlsTakingOver,Subreddit
romirain,romirain,Subreddit
lilylove,lilylove,Subreddit
lenaanderson,lenaanderson,Subreddit
TiffanyWatson,TiffanyWatson,Subreddit
asslick,asslick,Subreddit
EmmaHix,EmmaHix,Subreddit
GirlsRimGuys,GirlsRimGuys,Subreddit
rimjob,rimjob,Subreddit
analsquirt,analsquirt,Subreddit
spreading,spreading,Subreddit
WorkIt,WorkIt,Subreddit
womenofcolorXXX,womenofcolorXXX,Subreddit
ridingxxx,ridingxxx,Subreddit
Feetup,Feetup,Subreddit
RoughPorn,RoughPorn,Subreddit
GirlsOnTop,GirlsOnTop,Subreddit
COCKSLAP,COCKSLAP,Subreddit
MassiveCockVids,MassiveCockVids,Subreddit
TitfuckBlowjob,TitfuckBlowjob,Subreddit
SofiaNix,SofiaNix,Subreddit
BunnyGirls,BunnyGirls,Subreddit
Creampie_Porn,Creampie_Porn,Subreddit
BallsDeepThroat,BallsDeepThroat,Subreddit
upherbutt,upherbutt,Subreddit
buttsex,buttsex,Subreddit
dreamjobs,dreamjobs,Subreddit
CumInHair,CumInHair,Subreddit
SamanthaRone,SamanthaRone,Subreddit
GirlsSuckingTits,GirlsSuckingTits,Subreddit
CumInTheAir,CumInTheAir,Subreddit
ExoticLesbians,ExoticLesbians,Subreddit
doublevaginal,doublevaginal,Subreddit
OverlordNsfw,OverlordNsfw,Subreddit
GirlsWatchingPorn,GirlsWatchingPorn,Subreddit
openholes,openholes,Subreddit
Bondage_Porn,Bondage_Porn,Subreddit
xmasgirls,xmasgirls,Subreddit
cat_girls,cat_girls,Subreddit
FilthyGirls,FilthyGirls,Subreddit
rearpussy,rearpussy,Subreddit
AnalStretching,AnalStretching,Subreddit
gape,gape,Subreddit
BokuNoEroAcademia,BokuNoEroAcademia,Subreddit
AnalHook,AnalHook,Subreddit
alteredbuttholes,alteredbuttholes,Subreddit
facedownassup,facedownassup,Subreddit
PetiteBoobBounce,PetiteBoobBounce,Subreddit
analgonewild,analgonewild,Subreddit
RippedLowerGarments,RippedLowerGarments,Subreddit
Splitview,Splitview,Subreddit
RedheadGifs,RedheadGifs,Subreddit
Pushing,Pushing,Subreddit
Maidsex,Maidsex,Subreddit
Hugeboobshardcore,Hugeboobshardcore,Subreddit
porninfifteenseconds,porninfifteenseconds,Subreddit
Samantha_Saint,Samantha_Saint,Subreddit
Katie_Morgan,Katie_Morgan,Subreddit
breastsucking,breastsucking,Subreddit
lesdom,lesdom,Subreddit
LexiLore,LexiLore,Subreddit
BlackWorldOrder,BlackWorldOrder,Subreddit
AnyaOlsen,AnyaOlsen,Subreddit
Oilporn,Oilporn,Subreddit
StassieBaby,StassieBaby,Subreddit
cuckquean,cuckquean,Subreddit
SexInFrontOfOthers,SexInFrontOfOthers,Subreddit
orgy,orgy,Subreddit
Incest_Captions,Incest_Captions,Subreddit
DillionHarper,DillionHarper,Subreddit
AsianArmpits,AsianArmpits,Subreddit
MissionarySoles,MissionarySoles,Subreddit
interracialwild,interracialwild,Subreddit
shioritsukada,shioritsukada,Subreddit
sissycaptions,sissycaptions,Subreddit
analcreampies,analcreampies,Subreddit
cfnmfetish,cfnmfetish,Subreddit
MilfPornX,MilfPornX,Subreddit
UniformFetish,UniformFetish,Subreddit
xvideos,xvideos,Subreddit
ToeCleavageNSFW,ToeCleavageNSFW,Subreddit
Alison_Tyler,Alison_Tyler,Subreddit
nsfw2,nsfw2,Subreddit
Bodysuit,Bodysuit,Subreddit
TaylorVixen,TaylorVixen,Subreddit
StephanieSage,StephanieSage,Subreddit
RachelRoxxx,RachelRoxxx,Subreddit
Best_NSFW_Content,Best_NSFW_Content,Subreddit
NikkiBenz,NikkiBenz,Subreddit
KaylaKayden,KaylaKayden,Subreddit
KendraLust,KendraLust,Subreddit
facial,facial,Subreddit
BoltedOnBooty,BoltedOnBooty,Subreddit
DanielleDerek,DanielleDerek,Subreddit
BoltedOnMaxed,BoltedOnMaxed,Subreddit
KarmaRx,KarmaRx,Subreddit
buttsthatgrip,buttsthatgrip,Subreddit
FingeredFromBehind,FingeredFromBehind,Subreddit
RubbingHerPussy,RubbingHerPussy,Subreddit
Bigtitssmalltits,Bigtitssmalltits,Subreddit
PillowHumping,PillowHumping,Subreddit
The_Best_NSFW_GIFS,The_Best_NSFW_GIFS,Subreddit
EllieLeen,EllieLeen,Subreddit
OiledAss,OiledAss,Subreddit
jilling,jilling,Subreddit
MercyNSFW,MercyNSFW,Subreddit
Evalovia,Evalovia,Subreddit
SharonLee,SharonLee,Subreddit
MassagePorn,MassagePorn,Subreddit
NSFWBraids,NSFWBraids,Subreddit
gangbang,gangbang,Subreddit
Eatingpussy,Eatingpussy,Subreddit
caseycalvert,caseycalvert,Subreddit
Used_Beauties,Used_Beauties,Subreddit
tight_shorts,tight_shorts,Subreddit
BrasNSFW,BrasNSFW,Subreddit
LunaStar,LunaStar,Subreddit
blacked,blacked,Subreddit
Miakhalifa,Miakhalifa,Subreddit
Roughanal,Roughanal,Subreddit
LisaAnn,LisaAnn,Subreddit
KelsiMonroe,KelsiMonroe,Subreddit
JadaStevens,JadaStevens,Subreddit
Darcie_Dolce,Darcie_Dolce,Subreddit
MelisaMendiny,MelisaMendiny,Subreddit
SunnyLeone,SunnyLeone,Subreddit
Tgifs,Tgifs,Subreddit
traps,traps,Subreddit
Shemales,Shemales,Subreddit
PornMusicVids,PornMusicVids,Subreddit
BrooklynChase,BrooklynChase,Subreddit
SensualJane,SensualJane,Subreddit
AnissaKate,AnissaKate,Subreddit
smalldickporn,smalldickporn,Subreddit
nicoleaniston,nicoleaniston,Subreddit
YGWBT,YGWBT,Subreddit
AriellaFerrera,AriellaFerrera,Subreddit
PetaJensen,PetaJensen,Subreddit
EvaNotty,EvaNotty,Subreddit
GirlsCuddling,GirlsCuddling,Subreddit
KatyaClover,KatyaClover,Subreddit
Anjelica_Ebbi,Anjelica_Ebbi,Subreddit
PaulaShy,PaulaShy,Subreddit
doubledildos,doubledildos,Subreddit
UmaJolie,UmaJolie,Subreddit
ariel_model,ariel_model,Subreddit
TiffanyThompson,TiffanyThompson,Subreddit
CJ_Miles,CJ_Miles,Subreddit
madison_ivy,madison_ivy,Subreddit
Connie_Carter,Connie_Carter,Subreddit
BrandiLove,BrandiLove,Subreddit
CherieDeVille,CherieDeVille,Subreddit
ChristyMack,ChristyMack,Subreddit
peta_jensen,peta_jensen,Subreddit
JaydenJaymes,JaydenJaymes,Subreddit
MandyMuse,MandyMuse,Subreddit
MarshaMay,MarshaMay,Subreddit
AlexaTomas,AlexaTomas,Subreddit
bustyasians,bustyasians,Subreddit
girlsdoingstuffnaked,girlsdoingstuffnaked,Subreddit
Hotdogging,Hotdogging,Subreddit
JustOneBoob,JustOneBoob,Subreddit
amazingtits,amazingtits,Subreddit
amazonposition,amazonposition,Subreddit
Selfsuck,Selfsuck,Subreddit
TwinGirls,TwinGirls,Subreddit
SuckingHerOwnNipples,SuckingHerOwnNipples,Subreddit
Slippery,Slippery,Subreddit
doublebarrel,doublebarrel,Subreddit
Innie,Innie,Subreddit
tightsqueeze,tightsqueeze,Subreddit
SelfFacials,SelfFacials,Subreddit
CumOnBlackGirls,CumOnBlackGirls,Subreddit
paag,paag,Subreddit
facialcumshots,facialcumshots,Subreddit
corsetsnsfw,corsetsnsfw,Subreddit
PerfectAsses,PerfectAsses,Subreddit
nopanties,nopanties,Subreddit
EraserNipples,EraserNipples,Subreddit
Cocksuckers,Cocksuckers,Subreddit
Shemaleselffacials,Shemaleselffacials,Subreddit
PerfectPussy,PerfectPussy,Subreddit
Grooltasting,Grooltasting,Subreddit
GirlsWithToys,GirlsWithToys,Subreddit
smalltitsbigass,smalltitsbigass,Subreddit
oiledgirls,oiledgirls,Subreddit
insertions,insertions,Subreddit
CumOnKisses,CumOnKisses,Subreddit
boobsonglass,boobsonglass,Subreddit
WedgieGirls,WedgieGirls,Subreddit
EbonyCuties,EbonyCuties,Subreddit
Upshorts,Upshorts,Subreddit
butt,butt,Subreddit
happygaps,happygaps,Subreddit
CloseUpAnalSex,CloseUpAnalSex,Subreddit
JackingAndJilling,JackingAndJilling,Subreddit
PussyMound,PussyMound,Subreddit
cumfreely,cumfreely,Subreddit
TheRareOnes,TheRareOnes,Subreddit
PerfectTits,PerfectTits,Subreddit
WoodNymphs,WoodNymphs,Subreddit
FrenchFilles,FrenchFilles,Subreddit
exxxchange,exxxchange,Subreddit
Holly_Peers,Holly_Peers,Subreddit
KylaCole,KylaCole,Subreddit
JeffMilton,JeffMilton,Subreddit
StandingAsshole,StandingAsshole,Subreddit
pregnantporn,pregnantporn,Subreddit
FauxBait,FauxBait,Subreddit
SexyFrex,SexyFrex,Subreddit
ProlapseVille,ProlapseVille,Subreddit
RosieJones,RosieJones,Subreddit
HighMileageHoles,HighMileageHoles,Subreddit
IndiaReynolds_,IndiaReynolds_,Subreddit
Lissy_Cunningham,Lissy_Cunningham,Subreddit
Bottomless,Bottomless,Subreddit
sexyasfuckgirls,sexyasfuckgirls,Subreddit
datbuttfromthefront,datbuttfromthefront,Subreddit
bigtitsmallnip,bigtitsmallnip,Subreddit
MarinaVisconti,MarinaVisconti,Subreddit
MandyDee,MandyDee,Subreddit
europornstars,europornstars,Subreddit
KristyBlack,KristyBlack,Subreddit
talkedintoit,talkedintoit,Subreddit
TSonFM,TSonFM,Subreddit
ShemaleFuckingMale,ShemaleFuckingMale,Subreddit
ShemalesParadise,ShemalesParadise,Subreddit
throatpies,throatpies,Subreddit
tspee,tspee,Subreddit
queef,queef,Subreddit
HDLesbianGifs,HDLesbianGifs,Subreddit
FTVgirls,FTVgirls,Subreddit
Kendra_Sunderland,Kendra_Sunderland,Subreddit
Stunners,Stunners,Subreddit
EmilyAddison,EmilyAddison,Subreddit
IvyWolfe,IvyWolfe,Subreddit
Veronica_Avluv,Veronica_Avluv,Subreddit
sophiedee,sophiedee,Subreddit
amateurgirlsbigcocks,amateurgirlsbigcocks,Subreddit
PennyPax,PennyPax,Subreddit
amberrayne,amberrayne,Subreddit
SunnyLane,SunnyLane,Subreddit
ForeheadCum,ForeheadCum,Subreddit
LilyRader,LilyRader,Subreddit
amberblank,amberblank,Subreddit
HugeDildos,HugeDildos,Subreddit
SheenaShaw,SheenaShaw,Subreddit
charlottesartre,charlottesartre,Subreddit
BondageBlowjobs,BondageBlowjobs,Subreddit
pulsatingcumshots,pulsatingcumshots,Subreddit
SiriPornstar,SiriPornstar,Subreddit
SyrenDeMer,SyrenDeMer,Subreddit
naughtyinpublic,naughtyinpublic,Subreddit
lapdance,lapdance,Subreddit
celebsnaked,celebsnaked,Subreddit
pussyjobs,pussyjobs,Subreddit
AssUpBJ,AssUpBJ,Subreddit
JamieValentine,JamieValentine,Subreddit
BedpostPorn,BedpostPorn,Subreddit
thongbj,thongbj,Subreddit
EyeRollOrgasm,EyeRollOrgasm,Subreddit
dicksinbetweenchicks,dicksinbetweenchicks,Subreddit
wetspot,wetspot,Subreddit
underwaterbabes,underwaterbabes,Subreddit
XevBellringer,XevBellringer,Subreddit
nunsploitation,nunsploitation,Subreddit
Rebeca_Linares,Rebeca_Linares,Subreddit
AshleyAlban,AshleyAlban,Subreddit
LilyC,LilyC,Subreddit
felching,felching,Subreddit
publicplug,publicplug,Subreddit
FootWorship,FootWorship,Subreddit
KrissyLynn,KrissyLynn,Subreddit
GsSpot,GsSpot,Subreddit
JadaKai,JadaKai,Subreddit
Shay_Evans,Shay_Evans,Subreddit
Chloe_Amour,Chloe_Amour,Subreddit
ZettaiRyouikiIRL,ZettaiRyouikiIRL,Subreddit
FestivalSluts,FestivalSluts,Subreddit
NSFW_Snapchat,NSFW_Snapchat,Subreddit
RotationGirls,RotationGirls,Subreddit
SluttyHalloween,SluttyHalloween,Subreddit
SilviaSaint,SilviaSaint,Subreddit
NikkiDelano,NikkiDelano,Subreddit
GirlsinWrupPants,GirlsinWrupPants,Subreddit
eva_angelina,eva_angelina,Subreddit
CadenceLux,CadenceLux,Subreddit
hotgirlsinyogapants,hotgirlsinyogapants,Subreddit
RebecaLinares,RebecaLinares,Subreddit
yhivi,yhivi,Subreddit
blowbang,blowbang,Subreddit
ashleyfires,ashleyfires,Subreddit
FrancescaLe,FrancescaLe,Subreddit
cumlube,cumlube,Subreddit
ProneBoneAnal,ProneBoneAnal,Subreddit
CheatingCaptions,CheatingCaptions,Subreddit
hotpast,hotpast,Subreddit
cuckoldcaptions,cuckoldcaptions,Subreddit
OneDickManyChicks,OneDickManyChicks,Subreddit
Exxxtras,Exxxtras,Subreddit
thighgap,thighgap,Subreddit
Tgirls,Tgirls,Subreddit
simps,simps,Subreddit
MikeAdriano,MikeAdriano,Subreddit
bellydistension,bellydistension,Subreddit
India_Summer,India_Summer,Subreddit
HoleWreckers,HoleWreckers,Subreddit
GirlsinSchoolUniforms,GirlsinSchoolUniforms,Subreddit
AnnaDeVille,AnnaDeVille,Subreddit
ToeSucking,ToeSucking,Subreddit
TinaKay,TinaKay,Subreddit
Cali_Carter,Cali_Carter,Subreddit
ChanelPreston,ChanelPreston,Subreddit
PhoenixMarie,PhoenixMarie,Subreddit
bigclit,bigclit,Subreddit
BreeOlson,BreeOlson,Subreddit
DisneyPrincessRule34,DisneyPrincessRule34,Subreddit
rule34disney,rule34disney,Subreddit
mariorule34,mariorule34,Subreddit
Witcher_NSFW,Witcher_NSFW,Subreddit
TeenTitansPorn,TeenTitansPorn,Subreddit
rule34cartoons,rule34cartoons,Subreddit
AnalHentai,AnalHentai,Subreddit
masserect,masserect,Subreddit
Superherosluts,Superherosluts,Subreddit
milfhentai,milfhentai,Subreddit
Hentai_Interracial,Hentai_Interracial,Subreddit
dota2smut,dota2smut,Subreddit
MarvelNSFW,MarvelNSFW,Subreddit
Metroid34,Metroid34,Subreddit
Rule34LifeisStrange,Rule34LifeisStrange,Subreddit
PornIsCheating,PornIsCheating,Subreddit
PussyEnvy,PussyEnvy,Subreddit
ItsHerAsshole,ItsHerAsshole,Subreddit
XChangePill,XChangePill,Subreddit
Technical_DP,Technical_DP,Subreddit
xxxcaptions,xxxcaptions,Subreddit
HelplessHentai,HelplessHentai,Subreddit
Sissy_humiliation,Sissy_humiliation,Subreddit
SlaveAuctions,SlaveAuctions,Subreddit
NSFWTiedTogether,NSFWTiedTogether,Subreddit
PublicFetish,PublicFetish,Subreddit
bdsmgear,bdsmgear,Subreddit
Cuffed,Cuffed,Subreddit
CelebrityBellyButtons,CelebrityBellyButtons,Subreddit
semiPoliticalVideos,semiPoliticalVideos,Subreddit
CelebsUnveiling,CelebsUnveiling,Subreddit
CelebDPP,CelebDPP,Subreddit
pickoneceleb,pickoneceleb,Subreddit
softcorenights,softcorenights,Subreddit
Femaleorgasmdenial,Femaleorgasmdenial,Subreddit
EroticRolePlay,EroticRolePlay,Subreddit
HeSquats,HeSquats,Subreddit
coral_sharon,coral_sharon,Subreddit
KureaHasumi,KureaHasumi,Subreddit
Shadman,Shadman,Subreddit
OnlineAffairs,OnlineAffairs,Subreddit
chinaglass,chinaglass,Subreddit
diaperpics,diaperpics,Subreddit
DudesInDiapers,DudesInDiapers,Subreddit
GIFing0Fucks,GIFing0Fucks,Subreddit
FitnessBeauties,FitnessBeauties,Subreddit
LaundryDay,LaundryDay,Subreddit
ClopClop,ClopClop,Subreddit
POCLadyBoners,POCLadyBoners,Subreddit
sarmsourcetalk,sarmsourcetalk,Subreddit
WeddingsGoneWild,WeddingsGoneWild,Subreddit
FullBackPanties,FullBackPanties,Subreddit
weedporn,weedporn,Subreddit
Perfectdick,Perfectdick,Subreddit
insanelyhairymen,insanelyhairymen,Subreddit
WhipItOut,WhipItOut,Subreddit
BonersInPublic,BonersInPublic,Subreddit
chesthairporn,chesthairporn,Subreddit
DarlingInTheFranXXX,DarlingInTheFranXXX,Subreddit
phonesex,phonesex,Subreddit
Lovenseplay,Lovenseplay,Subreddit
campbuddy,campbuddy,Subreddit
CelebrityPenis,CelebrityPenis,Subreddit
ProstatePlay,ProstatePlay,Subreddit
GayRP,GayRP,Subreddit
putaria,putaria,Subreddit
estim,estim,Subreddit
celebdominatrixs,celebdominatrixs,Subreddit
CelebrityPokies,CelebrityPokies,Subreddit
CockOutline,CockOutline,Subreddit
BCSwingers,BCSwingers,Subreddit
bigdicklovers,bigdicklovers,Subreddit
CutCocks,CutCocks,Subreddit
orangecountypersonals,orangecountypersonals,Subreddit
losangelespersonals,losangelespersonals,Subreddit
Pumping,Pumping,Subreddit
manyvids,manyvids,Subreddit
selfbondage,selfbondage,Subreddit
CumFromAnal,CumFromAnal,Subreddit
lovense,lovense,Subreddit
dildo,dildo,Subreddit
ShibbySays,ShibbySays,Subreddit
submissive,submissive,Subreddit
adultnursing,adultnursing,Subreddit
hotwifetexts,hotwifetexts,Subreddit
DeadTube,DeadTube,Subreddit
NSFWskyrim,NSFWskyrim,Subreddit
gendertransformation,gendertransformation,Subreddit
Cowgirls,Cowgirls,Subreddit
HipHopGoneWild,HipHopGoneWild,Subreddit
KoreanHotties,KoreanHotties,Subreddit
usedpanties,usedpanties,Subreddit
bearsinbriefs,bearsinbriefs,Subreddit
mombod,mombod,Subreddit
nsfwbuys,nsfwbuys,Subreddit
HairyCurvy,HairyCurvy,Subreddit
slightcellulite,slightcellulite,Subreddit
gonewildmetal,gonewildmetal,Subreddit
FreckledRedheads,FreckledRedheads,Subreddit
schooldays,schooldays,Subreddit
ribs,ribs,Subreddit
samespecies,samespecies,Subreddit
legocirclejerk,legocirclejerk,Subreddit
Nekomimi,Nekomimi,Subreddit
doujinshi,doujinshi,Subreddit
NylonSoles,NylonSoles,Subreddit
thickwhitegirls,thickwhitegirls,Subreddit
ssbbw,ssbbw,Subreddit
Mouthsgonemild,Mouthsgonemild,Subreddit
feederism,feederism,Subreddit
bbwselfies,bbwselfies,Subreddit
BBWVideos,BBWVideos,Subreddit
AJelqForYou,AJelqForYou,Subreddit
SankakuComplex,SankakuComplex,Subreddit
EroticMassage,EroticMassage,Subreddit
lawaloca,lawaloca,Subreddit
True_reddit,True_reddit,Subreddit
tattooideas,tattooideas,Subreddit
satx4satx,satx4satx,Subreddit
StLouisTrees,StLouisTrees,Subreddit
Publicsex,Publicsex,Subreddit
Bisexy,Bisexy,Subreddit
nugporn,nugporn,Subreddit
PoppyTea,PoppyTea,Subreddit
SheObeys,SheObeys,Subreddit
CrimeScene,CrimeScene,Subreddit
MensHighJinx,MensHighJinx,Subreddit
westcoast,westcoast,Subreddit
MusicToFuckTo,MusicToFuckTo,Subreddit
daisydukes,daisydukes,Subreddit
bootyshorts,bootyshorts,Subreddit
backdimples,backdimples,Subreddit
swimsuits,swimsuits,Subreddit
alasjuicy,alasjuicy,Subreddit
BonnieRotten,BonnieRotten,Subreddit
raceplay,raceplay,Subreddit
chastitysnook,chastitysnook,Subreddit
NSFWTwitterReplies,NSFWTwitterReplies,Subreddit
leotards,leotards,Subreddit
chicagor4r,chicagor4r,Subreddit
Gravure,Gravure,Subreddit
tattooed_redheads,tattooed_redheads,Subreddit
RealPublicNudity,RealPublicNudity,Subreddit
Photobooks,Photobooks,Subreddit
ebonyamateurs,ebonyamateurs,Subreddit
BlackGirlPics,BlackGirlPics,Subreddit
eroticauthors,eroticauthors,Subreddit
mindcontrolstories,mindcontrolstories,Subreddit
enemas,enemas,Subreddit
Insex,Insex,Subreddit
heels,heels,Subreddit
stp,stp,Subreddit
DirtyKIKRoleplay,DirtyKIKRoleplay,Subreddit
cglpersonals,cglpersonals,Subreddit
TalesFromAdultStores,TalesFromAdultStores,Subreddit
saohentai,saohentai,Subreddit
AsianGuysNSFW,AsianGuysNSFW,Subreddit
MalesMasturbating,MalesMasturbating,Subreddit
ShadowOfTheDevil993,,Utilisateur
mega_wallace,,Utilisateur
Additional-Metal-263,,Utilisateur
GAMERPICA,,Utilisateur
super-paper-mario,,Utilisateur
-KINOSPIRACY,,Utilisateur
Shlwigen,,Utilisateur
Tadhgon,,Utilisateur
Stasio300,,Utilisateur
AerulianManheim,,Utilisateur
DonotPMmeplease,,Utilisateur
d3lt4run3,,Utilisateur
pragmatic_zygote,,Utilisateur
modernwarfarecel,,Utilisateur
ISAMU13,,Utilisateur
SleepWouldBeNice,,Utilisateur
anoelr1963,,Utilisateur
Urisk,,Utilisateur
FolsgaardSE,,Utilisateur
miked_mv,,Utilisateur
bar10der76,,Utilisateur
mrfuzzyshorts,,Utilisateur
VPM1991,,Utilisateur
FlatulentWallaby,,Utilisateur
chamburger,,Utilisateur
Nugatorysurplusage,,Utilisateur
jeminfla,,Utilisateur
Dodecahedrus,,Utilisateur
gerwer,,Utilisateur
zvoidx,,Utilisateur
jonr,,Utilisateur
JoelBoyens,,Utilisateur
beefstewforyou,,Utilisateur
IamAWorldChampionAMA,,Utilisateur
IAmAccutane,,Utilisateur
JSmith666,,Utilisateur
Baba_dook_dook_dook,,Utilisateur
GloppityPloppity,,Utilisateur
CrazyPlato,,Utilisateur
Grapefruit1337,,Utilisateur
ShaidarHaran2,,Utilisateur
tyw7,,Utilisateur
bastard_vampire,,Utilisateur
GW2RNGR,,Utilisateur
BonnieMcMurray,,Utilisateur
turdburgalr,,Utilisateur
triplebruh2,,Utilisateur
SweetToothLynx,,Utilisateur
SweetyByHeart,,Utilisateur
Guava_,,Utilisateur
QueenAnRevenge,,Utilisateur
MissLilJelly,,Utilisateur
doublemelontoon,,Utilisateur
caffene_migraines,,Utilisateur
uscdoc2013,,Utilisateur
dig-it-fool,,Utilisateur
xwingx,,Utilisateur
Ruffffian,,Utilisateur
ThiefOfNightTime,,Utilisateur
xaddy-com,,Utilisateur
Ginettarah,,Utilisateur
theorherkangaphant,,Utilisateur
paz2023,,Utilisateur
vholecek,,Utilisateur
Axlapz,,Utilisateur
Electrical_Ad390,,Utilisateur
Eastern-Spot2023,,Utilisateur
StevenBeercockArt,,Utilisateur
myriyevskyy,,Utilisateur
jessicamozzini,,Utilisateur
AllTheHentai,,Utilisateur
Rhett_Vanders,,Utilisateur
amorfati21,,Utilisateur
YeOldeGreenman,,Utilisateur
sweeneypete,,Utilisateur
ilovespidermansGF,,Utilisateur
My_a_person,,Utilisateur
R0TTENART,,Utilisateur
Present_Debt7233,,Utilisateur
Z0MB1E_SL1ME,,Utilisateur
niknak81,,Utilisateur
elevencharles,,Utilisateur
btbhouston2000,,Utilisateur
LittleLachrymose,,Utilisateur
poodle_attack,,Utilisateur
olivierha,,Utilisateur
Spare_Ad3924,,Utilisateur
xHoncho,,Utilisateur
doggierascal,,Utilisateur
ruffletruffle100,,Utilisateur
wolfpackray091,,Utilisateur
MaskedPenguinLover,,Utilisateur
Decent-Artichoke7719,,Utilisateur
drax3012,,Utilisateur
hdusybsysj,,Utilisateur
19senzafine81,,Utilisateur
skimaskkat69OF,,Utilisateur
Rugbyplayer96,,Utilisateur
futanari_kaisa,,Utilisateur
sweatysexconnoisseur,,Utilisateur
Hot-Criticism8353,,Utilisateur
Embarrassed_Fig_4210,,Utilisateur
dekabreak1000,,Utilisateur
Paula_Sub,,Utilisateur
tinyflyingsquirrell,,Utilisateur
ohpsies,,Utilisateur
gohgetgreen,,Utilisateur
Yogami_asura,,Utilisateur
remindertomove,,Utilisateur
MeaninglessOrbiter,,Utilisateur
Underrated_Critic,,Utilisateur
BunnyBallz,,Utilisateur
catsill,,Utilisateur
Ok-Mastodon2016,,Utilisateur
Mutant_Llama1,,Utilisateur
thorc1212,,Utilisateur
notabot367,,Utilisateur
uswhole,,Utilisateur
LeN3rd,,Utilisateur
fkneneu,,Utilisateur
flypmyk,,Utilisateur
nostalgiaisunfair,,Utilisateur
VeryHungryDogarpilar,,Utilisateur
TheSophor,,Utilisateur
TakingNamesFan69,,Utilisateur
SymphoDeProggy,,Utilisateur
canadave_nyc,,Utilisateur
Feinberg,,Utilisateur
Sariel007,,Utilisateur
ccmcdonald0611,,Utilisateur
EmperorCrispy,,Utilisateur
veryrare_v3,,Utilisateur
ChristineBorus,,Utilisateur
satyestru,,Utilisateur
According_Turn_3473,,Utilisateur
MNJayW,,Utilisateur
JimmyRecard,,Utilisateur
DannyLiu27,,Utilisateur
ClaireDacloush,,Utilisateur
bpqdl,,Utilisateur
toooomanypuppies,,Utilisateur
xxhooneyxxc,,Utilisateur
cryptocorynes,,Utilisateur
CodyCus,,Utilisateur
benbentheben,,Utilisateur
scarlett-storm,,Utilisateur
LanaRN69,,Utilisateur
Stanimal54,,Utilisateur
noob_kaibot,,Utilisateur
setoxxx,,Utilisateur
monakaliza,,Utilisateur
Loki_Lust,,Utilisateur
Peemster99,,Utilisateur
LexxieBodine,,Utilisateur
Hareniks_s,,Utilisateur
bicyclegeek,,Utilisateur
all_is_love6667,,Utilisateur
Eliot_Lochness,,Utilisateur
FirmOnion,,Utilisateur
happygocrazee,,Utilisateur
bugxbuster,,Utilisateur
FunkyNedAvenger,,Utilisateur
eunderscore,,Utilisateur
saintshing,,Utilisateur
soupyhands,,Utilisateur
tethercat,,Utilisateur
teo730,,Utilisateur
snowseth,,Utilisateur
riotlancer,,Utilisateur
Zerio920,,Utilisateur
Awkward_moments,,Utilisateur
IamBlade,,Utilisateur
lo_and_be,,Utilisateur
sfw_pants,,Utilisateur
Elawn,,Utilisateur
JakeYashen,,Utilisateur
technog2,,Utilisateur
ibkeepr,,Utilisateur
mercury_pointer,,Utilisateur
MadDingersYo,,Utilisateur
plotthick,,Utilisateur
srkdummy3,,Utilisateur
alexeve77,,Utilisateur
Imesseduponmyname,,Utilisateur
tttt11112,,Utilisateur
Slygirl997,,Utilisateur
Rekdon,,Utilisateur
Bihema,,Utilisateur
losin2win09,,Utilisateur
3softtacos,,Utilisateur
NYstate,,Utilisateur
chief_donkey69,,Utilisateur
TrixoftheTrade,,Utilisateur
KeyserSosa,,Utilisateur
sodypop,,Utilisateur
LanterneRougeOG,,Utilisateur
bluepinkblack,,Utilisateur
spez,,Utilisateur
powerlanguage,,Utilisateur
krispykrackers,,Utilisateur
DoNotLickToaster,,Utilisateur
kickme444,,Utilisateur
cupcake1713,,Utilisateur
WhileFalseRepeat,,Utilisateur
onemm,,Utilisateur
whiteskwirl2,,Utilisateur
reddit809,,Utilisateur
andr3wsmemez69,,Utilisateur
84lele,,Utilisateur
DunLunBun,,Utilisateur
YMCALegpress,,Utilisateur
EmilyIsNotALesbian,,Utilisateur
lingeringneutrophil,,Utilisateur
SoggyAnalyst,,Utilisateur
fomorian,,Utilisateur
nowhiringhenchmen,,Utilisateur
Magnusteiner,,Utilisateur
RayenN16,,Utilisateur
DoctorLoops,,Utilisateur
reddot_comic,,Utilisateur
610gonzalez,,Utilisateur
cymorg121,,Utilisateur
Shake-n-Bak3r,,Utilisateur
sp00kypenguin,,Utilisateur
Dim-n-Bright,,Utilisateur
pororoca_surfer,,Utilisateur
JustSomeBadAdvice,,Utilisateur
Llodsliat,,Utilisateur
Artist-Nick-Sea,,Utilisateur
Danny_Boy04,,Utilisateur
DARKartOFcross,,Utilisateur
yadiggj,,Utilisateur
chief1hopper,,Utilisateur
Realityisatoilet,,Utilisateur
Questionabletatoes,,Utilisateur
TallulahDankhead,,Utilisateur
Juusto-Jones,,Utilisateur
will_asd,,Utilisateur
jc_sculpture,,Utilisateur
AveMaleficum,,Utilisateur
NxFace_,,Utilisateur
Annihilatum,,Utilisateur
Departedart,,Utilisateur
daveyjonsies,,Utilisateur
daemon_tattoos,,Utilisateur
ObviousRegret7987,,Utilisateur
Wodr25,,Utilisateur
Ralsei_Fluffy_boi282,,Utilisateur
Alvesartt_,,Utilisateur
franck_b_intothevoid,,Utilisateur
Thelungswarm,,Utilisateur
premiumcum,,Utilisateur
Ill_Horror_719,,Utilisateur
LeeroyM,,Utilisateur
data_haunted,,Utilisateur
NotToBePrey,,Utilisateur
Haunting-Sundae2661,,Utilisateur
Nemoralis99,,Utilisateur
dizix,,Utilisateur
BenjamintheFox,,Utilisateur
weebmaster5,,Utilisateur
Senior_Juggernaut430,,Utilisateur
leitbeats,,Utilisateur
AdCreative6953,,Utilisateur
tmfult,,Utilisateur
Sagebea,,Utilisateur
Formal_Job3304,,Utilisateur
beamin1,,Utilisateur
SexxyMoeFoe,,Utilisateur
TheMicrosoftBob,,Utilisateur
WhoAmIEven2,,Utilisateur
doyouhavetono,,Utilisateur
RhetoricalHierarchy,,Utilisateur
EmotionalDucking,,Utilisateur
QualifiedLegislation,,Utilisateur
sloppymantras,,Utilisateur
annoyed_fulfillment,,Utilisateur
tinyskate7863,,Utilisateur
Dulonko,,Utilisateur
thekindcelebrity,,Utilisateur
sourrector_4850,,Utilisateur
Sharpnelboy,,Utilisateur
myalternateself0101,,Utilisateur
NumbInnovation,,Utilisateur
Lowly_Lynx,,Utilisateur
discreet_advertising,,Utilisateur
CarefullyShort,,Utilisateur
bigppgfan,,Utilisateur
5m5m,,Utilisateur
ovi2wise,,Utilisateur
Independent_Tooth_23,,Utilisateur
mrtoddw,,Utilisateur
realjimmyjuice000,,Utilisateur
Bf4Sniper40X,,Utilisateur
MomusVult,,Utilisateur
MyGamesM,,Utilisateur
Yoguls-Returns,,Utilisateur
PJ-The-Awesome,,Utilisateur
Flashlight237,,Utilisateur
ArcEarth,,Utilisateur
Cozy_Zone,,Utilisateur
mbhammock,,Utilisateur
literallyeveryfandom,,Utilisateur
Madness_69,,Utilisateur
J0shfarmpig,,Utilisateur
budgetboarvessel,,Utilisateur
devinh313,,Utilisateur
jco91595,,Utilisateur
NSDetector_Guy,,Utilisateur
Autistic-Inquisitive,,Utilisateur
pATREUS,,Utilisateur
Artemistical,,Utilisateur
emsot,,Utilisateur
mb5280,,Utilisateur
CreditToDuBois,,Utilisateur
dbabbitt,,Utilisateur
mrhuggables,,Utilisateur
danthemango,,Utilisateur
jane_burroughs,,Utilisateur
CRSRep,,Utilisateur
adderaltruistic,,Utilisateur
OperationCorporation,,Utilisateur
stevebeans,,Utilisateur
barespiritliving,,Utilisateur
tsinsile,,Utilisateur
SadBrontosaurus,,Utilisateur
TheOneTrueFinn,,Utilisateur
imfatterthanyou,,Utilisateur
le_emmentaler,,Utilisateur
davofit,,Utilisateur
ZeahRenee,,Utilisateur
ScipioAtTheGate,,Utilisateur
thebolts,,Utilisateur
uanar,,Utilisateur
Effective_Reach_9289,,Utilisateur
marshall1995,,Utilisateur
GriffinFTW,,Utilisateur
Case2600,,Utilisateur
Able_Health744,,Utilisateur
Yidam,,Utilisateur
Smarzowski,,Utilisateur
jbag1230,,Utilisateur
lover_of_truth313,,Utilisateur
CryptoWiz99,,Utilisateur
BrianOBlivion1,,Utilisateur
DrBillyHarford,,Utilisateur
SarcasticOptimist,,Utilisateur
sticky_green,,Utilisateur
preaCaricitulAnusie,,Utilisateur
anax44,,Utilisateur
Ionisation,,Utilisateur
StumpVanDerHuge,,Utilisateur
TheProfessorO,,Utilisateur
TravelWorld1510,,Utilisateur
Moki93,,Utilisateur
Condescendingoracle,,Utilisateur
catnipempire,,Utilisateur
casualphilosopher1,,Utilisateur
Zomaarwat,,Utilisateur
Doctor__Hammer,,Utilisateur
LivingCombination111,,Utilisateur
FriedrichHydrargyrum,,Utilisateur
Bright-Interest-7094,,Utilisateur
Just_a_happy_artist,,Utilisateur
flowerhoney10,,Utilisateur
DirtyMikeAndTheBoyz5,,Utilisateur
frrrni,,Utilisateur
White_Milk_Austria,,Utilisateur
njiin12,,Utilisateur
straighteethgay,,Utilisateur
LandoChronus,,Utilisateur
CleanAsUhWhistle1,,Utilisateur
tycres-iptm1830,,Utilisateur
YvngThxnos,,Utilisateur
Velteau,,Utilisateur
Mental_Impression316,,Utilisateur
bossxmodel,,Utilisateur
sgarg2,,Utilisateur
jakeag52,,Utilisateur
WayneLeeds10,,Utilisateur
NomadCourier,,Utilisateur
stachisimo,,Utilisateur
Lisa_Storm1,,Utilisateur
ArchDucky,,Utilisateur
XRPcook,,Utilisateur
ConversationKey888,,Utilisateur
Alexa_paris,,Utilisateur
MurphN7,,Utilisateur
johnnystraycat,,Utilisateur
Asian_Climax_Queen,,Utilisateur
mlong14,,Utilisateur
nicopedia305,,Utilisateur
Narrow_Yak_4165,,Utilisateur
randymcatee,,Utilisateur
Atl123420,,Utilisateur
Eric142,,Utilisateur
champagnechiniok,,Utilisateur
argus4ever,,Utilisateur
stupidrobots,,Utilisateur
cartmanbruhlolo,,Utilisateur
ecb74,,Utilisateur
Murder_Minerva,,Utilisateur
carnitascronch,,Utilisateur
AeonianHighBunghole,,Utilisateur
KaiJonez,,Utilisateur
propertymangr,,Utilisateur
curioushubby805,,Utilisateur
Glittering-Gene-5933,,Utilisateur
latrickisfalone,,Utilisateur
TB54,,Utilisateur
Le_Pouffre_Bleu,,Utilisateur
Jemapelledima,,Utilisateur
PoyoLocco,,Utilisateur
arktal,,Utilisateur
Healthy_Mousse6391,,Utilisateur
Carryneo,,Utilisateur
standardissuegerbil,,Utilisateur
Warpdrive_Gremlins,,Utilisateur
GonnaGoFat,,Utilisateur
becauseofrandomness,,Utilisateur
irish-springs,,Utilisateur
the-tinman,,Utilisateur
DimesyEvans92,,Utilisateur
Ok_Twist1314,,Utilisateur
Unable-Courage-2248,,Utilisateur
Cranky-Novelist,,Utilisateur
Animeking1108,,Utilisateur
miriam__bergman,,Utilisateur
GirlyGirlPants,,Utilisateur
3rrr6,,Utilisateur
iloveredheadsyeah,,Utilisateur
DeltaSolana,,Utilisateur
Miyasol12,,Utilisateur
GuessMyUsername_,,Utilisateur
dirtymoney,,Utilisateur
ResistRacism,,Utilisateur
PaterPadrePere113,,Utilisateur
HopelessHearts94,,Utilisateur
zdravomyslov,,Utilisateur
Alternative-Fun9365,,Utilisateur
madrid987,,Utilisateur
Fun-Explanation1199,,Utilisateur
gomi-panda,,Utilisateur
JR_Masterson,,Utilisateur
SilentRunning,,Utilisateur
Czarben,,Utilisateur
JarethKingofGoblins,,Utilisateur
141_1337,,Utilisateur
Spirited-Meringue829,,Utilisateur
Natural_Dark_2387,,Utilisateur
Additional-Rule-7244,,Utilisateur
TheMacMan,,Utilisateur
stinky_piss_flaps,,Utilisateur
Salty-Photo-57,,Utilisateur
Joec87,,Utilisateur
_anastasia_xx,,Utilisateur
OkuroIshimoto,,Utilisateur
Perfect-Face4529,,Utilisateur
killerbee333,,Utilisateur
Some_lost_cute_dude,,Utilisateur
Sweet_Felicia_,,Utilisateur
willk95,,Utilisateur
TheGrimmRetails,,Utilisateur
MerajFathi,,Utilisateur
Phoenix613183,,Utilisateur
_Sicilian_,,Utilisateur
qb_ricky,,Utilisateur
Sensitive_Underwear,,Utilisateur
Su_ss,,Utilisateur
herr_boogeyman,,Utilisateur
Few_Perspective1347,,Utilisateur
Rob_Cram,,Utilisateur
Stefan474,,Utilisateur
Atlanticae,,Utilisateur
kikimaru024,,Utilisateur
Zbearbear,,Utilisateur
Epicritical,,Utilisateur
Pink_Pens,,Utilisateur
lukoreta,,Utilisateur
Scdsco,,Utilisateur
KnightFan2019,,Utilisateur
bear_tuck,,Utilisateur
Stuf404,,Utilisateur
themustacheclubbitch,,Utilisateur
Konabro,,Utilisateur
longernohuman,,Utilisateur
Hexxegone,,Utilisateur
dezork,,Utilisateur
Xano74,,Utilisateur
Dragonbarry22,,Utilisateur
TwoCockyforBukkake,,Utilisateur
Crocodile_Banger,,Utilisateur
Notta_Doggo,,Utilisateur
Bouncy__Bear,,Utilisateur
MegaZeroX7,,Utilisateur
Dcskater13,,Utilisateur
Its_Marz,,Utilisateur
AnewAaron,,Utilisateur
RobIson240YT,,Utilisateur
Mayapaceybental,,Utilisateur
D20-SpiceFoxPhilos,,Utilisateur
Administrative-Sir70,,Utilisateur
CooperMulScu,,Utilisateur
Chalk1980,,Utilisateur
so-pitted-wabam,,Utilisateur
Dry_Foundation3337,,Utilisateur
Impressive_Sir_332,,Utilisateur
amartyamishraaa,,Utilisateur
shortyafter,,Utilisateur
Imaginary_Guess_696,,Utilisateur
RelativelyOldSoul,,Utilisateur
321ECRAB123,,Utilisateur
DoubleTFan,,Utilisateur
Das_Zeppelin,,Utilisateur
joesmith369,,Utilisateur
CorpyBingles,,Utilisateur
Bender662,,Utilisateur
qtx,,Utilisateur
m0nk_3y_gw,,Utilisateur
Kinky4cats,,Utilisateur
Gracegoeswild,,Utilisateur
Pine4pple_Cru5h,,Utilisateur
BadBehavior-Couple,,Utilisateur
peachyprincess___,,Utilisateur
RevolutionaryMap4905,,Utilisateur
MuchEfficiency2565,,Utilisateur
ExpressLetterhead461,,Utilisateur
SluttyEmerald,,Utilisateur
sophia_brunette,,Utilisateur
Bbaby92,,Utilisateur
Kindly_Ground_3889,,Utilisateur
red_phoenix1204,,Utilisateur
naviachan,,Utilisateur
lilporscheluvr,,Utilisateur
225daysundergrass,,Utilisateur
Commercial-Goal-5086,,Utilisateur
-canned-cranberries-,,Utilisateur
tinyminivixen,,Utilisateur
weirdlycanadian_,,Utilisateur
Pinkyswear247,,Utilisateur
Lizzygirl95,,Utilisateur
naughty_miss_,,Utilisateur
Overthinking84,,Utilisateur
pentupthist,,Utilisateur
_IntrepidSeductress_,,Utilisateur
sunshinelove5257,,Utilisateur
Raya_Rexx,,Utilisateur
juicyhotwife,,Utilisateur
honeybumbum,,Utilisateur
Thund3rBunny618,,Utilisateur
daisydarker,,Utilisateur
KinkyLeopardSkirt,,Utilisateur
moonlovehk2,,Utilisateur
milfy_miri,,Utilisateur
brattysloth,,Utilisateur
TemptressEris,,Utilisateur
wild_doll_85,,Utilisateur
Thesluttyprincess,,Utilisateur
italiansummers,,Utilisateur
mysweetprincess56,,Utilisateur
wild_rider---8,,Utilisateur
Odd-Flamingo2144,,Utilisateur
Xarlie_Angel,,Utilisateur
m-lkncookies,,Utilisateur
babygirl5566,,Utilisateur
rubyyredbby,,Utilisateur
yawningly-yours,,Utilisateur
temptingseductress,,Utilisateur
Sativa_Skyes,,Utilisateur
opencouple1990,,Utilisateur
Druglord_Karen,,Utilisateur
wicked8852,,Utilisateur
Difficult_Sun5594,,Utilisateur
ohshelly,,Utilisateur
analasianx,,Utilisateur
Kinky_cuddles,,Utilisateur
Caut1on2theW1nd,,Utilisateur
WaliW0rld,,Utilisateur
Toxicfun27,,Utilisateur
Lissa_Kenobi,,Utilisateur
ThrowRA0012345,,Utilisateur
WifeyOnDisplay,,Utilisateur
No-Interaction723,,Utilisateur
princesshkh,,Utilisateur
CAGirlNextDoorGW,,Utilisateur
AkoSaysMeow,,Utilisateur
Slutwife414,,Utilisateur
C1othingOptiona1,,Utilisateur
Peonylo,,Utilisateur
CrysiCat2,,Utilisateur
RebaRaptor,,Utilisateur
momspoils,,Utilisateur
HoneyBunnyHo,,Utilisateur
DirtyDirtyCatgirl,,Utilisateur
MonaRoseNaked,,Utilisateur
gymgirlmilf,,Utilisateur
pottymouthxx,,Utilisateur
mainechick14,,Utilisateur
curiousshrimp249,,Utilisateur
YummyMummy89x2,,Utilisateur
chesty_la_rue_two,,Utilisateur
Ginga_Snaaaps,,Utilisateur
Rek1993,,Utilisateur
SexyySavvy,,Utilisateur
MMLH-2,,Utilisateur
pinkkittyy77,,Utilisateur
Misspinky_babe,,Utilisateur
andmakeitsexy,,Utilisateur
xxLilithB,,Utilisateur
B0uncyBabe,,Utilisateur
JazzlikeAd3440,,Utilisateur
zebrinaalocasia,,Utilisateur
RVAcurious86,,Utilisateur
sluttydestiny,,Utilisateur
SirsAmber,,Utilisateur
onetimepornaccount,,Utilisateur
PinkPetuuniiaa,,Utilisateur
secret_voyeur_couple,,Utilisateur
reallyinteresting_,,Utilisateur
blosssom20,,Utilisateur
FitCouple_1,,Utilisateur
ran327,,Utilisateur
Rustofcarcosa,,Utilisateur
Jariiari7,,Utilisateur
I_saw_Will_smacking,,Utilisateur
Fire_Break_158,,Utilisateur
KevTravels,,Utilisateur
MrBowls,,Utilisateur
sylvyrfyre,,Utilisateur
Quick_Presentation11,,Utilisateur
brolbo,,Utilisateur
Tony_Tanna78,,Utilisateur
iiSkilledProgram,,Utilisateur
Biquasquibrisance,,Utilisateur
lightiggy,,Utilisateur
Mahtlahtli,,Utilisateur
Snoo_90160,,Utilisateur
OmOshIroIdEs,,Utilisateur
DrTralfamadorian,,Utilisateur
wildskies2525,,Utilisateur
Smoke_Me_When_i_Die,,Utilisateur
LenrySpoister,,Utilisateur
Rough_Rider99,,Utilisateur
Necroluster,,Utilisateur
brb1006,,Utilisateur
Erika_Lust,,Utilisateur
TanyaTatexxx,,Utilisateur
KiirooAmsterdam,,Utilisateur
IAmMohit,,Utilisateur
ramasamymd,,Utilisateur
lajoyanoir,,Utilisateur
FeelMeAI,,Utilisateur
GenoAir,,Utilisateur
JMAAMusic,,Utilisateur
SoFla-Grown,,Utilisateur
AlbinoAlex,,Utilisateur
cafeteriastyle,,Utilisateur
Scaulbylausis,,Utilisateur
ITSSTILLWHATITIS,,Utilisateur
outroversion,,Utilisateur
NolaTyler,,Utilisateur
bisector_babu,,Utilisateur
sisyphusPB23,,Utilisateur
HighPriestOgonslav,,Utilisateur
Gloomy__Revenue,,Utilisateur
JefinLuke,,Utilisateur
drill_hands_420,,Utilisateur
873589,,Utilisateur
opgary,,Utilisateur
oogeej,,Utilisateur
pws3rd,,Utilisateur
tabletossers,,Utilisateur
BlueBucketMaple,,Utilisateur
amonaloli12,,Utilisateur
xharry998,,Utilisateur
Mattau93,,Utilisateur
elegantloba,,Utilisateur
evening_shop,,Utilisateur
jonandreyuaosuni,,Utilisateur
iFoegot,,Utilisateur
aaaronbrown,,Utilisateur
bassistmuzikman,,Utilisateur
Black_RL,,Utilisateur
Kekkonen_Kakkonen,,Utilisateur
frituurgarnituur,,Utilisateur
KeithTC,,Utilisateur
JurassicPark9265,,Utilisateur
CAKE_EATER251,,Utilisateur
Maciokan,,Utilisateur
FaceplantStu,,Utilisateur
AlmanzoWilder,,Utilisateur
Horrorlover656,,Utilisateur
yeahyouknowme2,,Utilisateur
dogbytes,,Utilisateur
cashewtrailmix,,Utilisateur
oculusshift,,Utilisateur
newleafkratom,,Utilisateur
warface25,,Utilisateur
drOnCall,,Utilisateur
mightyme2,,Utilisateur
aurelm,,Utilisateur
small_hole_energy,,Utilisateur
HGMIV926,,Utilisateur
Weegee_Spaghetti,,Utilisateur
darkeraqua,,Utilisateur
SpiceCake68,,Utilisateur
notyourregularninja,,Utilisateur
winkelschleifer,,Utilisateur
EasyPiece,,Utilisateur
rutuu199,,Utilisateur
G-Note,,Utilisateur
Grixis08,,Utilisateur
Major_Independence82,,Utilisateur
DavidJannsen,,Utilisateur
Pixelator5,,Utilisateur
brocksicle,,Utilisateur
wimpykidfan37,,Utilisateur
TheStorMan,,Utilisateur
Awesomeuser90,,Utilisateur
GTRacer1972,,Utilisateur
Ochib,,Utilisateur
dexemplu,,Utilisateur
___HeyGFY___,,Utilisateur
justfriendshappens,,Utilisateur
Malcolm_X_Machina,,Utilisateur
Atalkingpizzabox,,Utilisateur
YZXFILE,,Utilisateur
genericusername1a,,Utilisateur
r_special_,,Utilisateur
relayrider,,Utilisateur
JoshTay,,Utilisateur
Lynette-Sakura,,Utilisateur
goldeneagle888,,Utilisateur
YoMomsHubby,,Utilisateur
gandalf45435,,Utilisateur
Ok-Connection-2442,,Utilisateur
Nycson,,Utilisateur
miyunyan,,Utilisateur
Landerix,,Utilisateur
SepirizFG,,Utilisateur
Candy-Sama,,Utilisateur
Electrical_Dream_978,,Utilisateur
shaidyn,,Utilisateur
Aurify,,Utilisateur
Kylde,,Utilisateur
BeginnersLoch,,Utilisateur
MrsD12345,,Utilisateur
Lucky_Baseball176,,Utilisateur
fantompwer,,Utilisateur
Girls_Of_San_Diego,,Utilisateur
AussieAdam26,,Utilisateur
swertarc,,Utilisateur
jcrazy78,,Utilisateur
ABadHug,,Utilisateur
thefreecat,,Utilisateur
Tubssss,,Utilisateur
celticdude234,,Utilisateur
SpezzoParis,,Utilisateur
dmbgreen,,Utilisateur
Brassballs1976,,Utilisateur
oakbloke135,,Utilisateur
iratam,,Utilisateur
bains92,,Utilisateur
marblechocolate,,Utilisateur
TravellingBeard,,Utilisateur
ajmacbeth,,Utilisateur
desmosabie,,Utilisateur
Robertbnyc,,Utilisateur
AugustHeatt,,Utilisateur
Enough_Blueberry_549,,Utilisateur
chickfromthasouth,,Utilisateur
CaptainRelevant,,Utilisateur
JustSomeApparition,,Utilisateur
sympathyofalover,,Utilisateur
glenninator,,Utilisateur
h-musicfr,,Utilisateur
hoyhoyy29,,Utilisateur
destructdisc,,Utilisateur
High-Tech_Redneck,,Utilisateur
CJ_Productions,,Utilisateur
mr_loose_cannon,,Utilisateur
Suga-Free0110,,Utilisateur
Conndorr,,Utilisateur
empyreandreams,,Utilisateur
FallWeatherIsNice,,Utilisateur
Epigastrium,,Utilisateur
Salem1690s,,Utilisateur
thedreamwalker182,,Utilisateur
queefasaurus-rex,,Utilisateur
Grifachu,,Utilisateur
singrelief,,Utilisateur
ExtremeAd3575,,Utilisateur
Dhand875,,Utilisateur
Kinaepixy,,Utilisateur
Dominika_wilde,,Utilisateur
TeachMeImWilling69,,Utilisateur
bodymathindex,,Utilisateur
original_don_dada,,Utilisateur
100IndianGirlsFucked,,Utilisateur
AdventurousShine99,,Utilisateur
ZZTMF,,Utilisateur
Uptownflunk,,Utilisateur
PokeChampMarx,,Utilisateur
Tentacle_wand,,Utilisateur
PolyethyleneLezBean,,Utilisateur
Solid_Curve8763,,Utilisateur
Redeye007,,Utilisateur
Jack-mclaughlin89,,Utilisateur
Jolly_Statistician_5,,Utilisateur
mojo72400,,Utilisateur
TalkaboutJoudy,,Utilisateur
justicedragon101,,Utilisateur
Holofan4life,,Utilisateur
killjoy2408,,Utilisateur
DifficultBody8209,,Utilisateur
harbormastr,,Utilisateur
introvert_wolf,,Utilisateur
VikkiPreston,,Utilisateur
suffer_hero,,Utilisateur
OddSpend2577,,Utilisateur
JeremyTheMVP,,Utilisateur
shaaannennn,,Utilisateur
Aoouuhh,,Utilisateur
melondrank,,Utilisateur
SnooStories6404,,Utilisateur
DoNotTouchMeImScared,,Utilisateur
bjustice13,,Utilisateur
bobbyOrrMan,,Utilisateur
JessEGames777,,Utilisateur
MrPumpkin326,,Utilisateur
Steven_Ray20,,Utilisateur
g59s,,Utilisateur
mrpetrolbomb,,Utilisateur
VitalMaTThews,,Utilisateur
JesseLynx,,Utilisateur
PDNYFL,,Utilisateur
Lyrical_Man01,,Utilisateur
abbeyrxad,,Utilisateur
ICantRead123456,,Utilisateur
Cmccgamer,,Utilisateur
EkriirkE,,Utilisateur
SeaPrince,,Utilisateur
WeeDochii,,Utilisateur
Fumpledinkbenderman,,Utilisateur
RampagingElks,,Utilisateur
Nixplosion,,Utilisateur
Anchovieee,,Utilisateur
EevelBob,,Utilisateur
Dark_Akarin,,Utilisateur
D4rkr4in,,Utilisateur
Led_Farmer88,,Utilisateur
kn0wledgeisp0rridge,,Utilisateur
MrsZapRowsdower,,Utilisateur
Ausradierer,,Utilisateur
Crashy1620,,Utilisateur
DarthLysergis,,Utilisateur
Blackfeathr,,Utilisateur
J_for_Jules,,Utilisateur
Mdiasrodrigu,,Utilisateur
mankls3,,Utilisateur
el_muerte28,,Utilisateur
y2k890,,Utilisateur
REHABEAM_,,Utilisateur
JonnyBunning,,Utilisateur
iWORKBRiEFLY,,Utilisateur
joleger,,Utilisateur
conn_r2112,,Utilisateur
mattisafriend,,Utilisateur
singleguy79,,Utilisateur
otherkrar,,Utilisateur
rsplatpc,,Utilisateur
karmagod13000,,Utilisateur
herequeerandgreat,,Utilisateur
cobyzeif,,Utilisateur
dragonclaw245,,Utilisateur
baummer,,Utilisateur
Glaucon_,,Utilisateur
power_sungod,,Utilisateur
randyelderberry,,Utilisateur
DickInYourCobbSalad,,Utilisateur
_Maui_,,Utilisateur
sloaches,,Utilisateur
AlexLee474799,,Utilisateur
MulciberTenebras,,Utilisateur
Afro-Pope,,Utilisateur
anonRexus,,Utilisateur
chris_s9181,,Utilisateur
AtaxicZombie,,Utilisateur
Fungul_Penis,,Utilisateur
Decent_Fudge_1018,,Utilisateur
HYPERGRAPHICbuild,,Utilisateur
Tarunkumar039,,Utilisateur
SeriesOfAdjectives,,Utilisateur
CaravelClerihew,,Utilisateur
grazatt,,Utilisateur
stlredbird,,Utilisateur
Pooks23,,Utilisateur
ExoticShock,,Utilisateur
paternoster,,Utilisateur
robbiekhan,,Utilisateur
-OctopusPrime,,Utilisateur
stoppmingyourtits,,Utilisateur
perkincenter,,Utilisateur
aladytest,,Utilisateur
eathbau,,Utilisateur
LeDucky,,Utilisateur
SirUlrichofEssex,,Utilisateur
biinroii01,,Utilisateur
easy_Money,,Utilisateur
jimbowild,,Utilisateur
diplodocid,,Utilisateur
GenerallyIroh,,Utilisateur
DustFrog,,Utilisateur
Pikamander2,,Utilisateur
reverendrambo,,Utilisateur
spmahn,,Utilisateur
Ronin__Ronan,,Utilisateur
GoodSamaritan_,,Utilisateur
5xad0w,,Utilisateur
anxietystrings,,Utilisateur
code_archeologist,,Utilisateur
revandavd,,Utilisateur
Aaryamann_sharma,,Utilisateur
warwicklord79,,Utilisateur
PageTurner627,,Utilisateur
Waitwha19,,Utilisateur
IveMadeA_HugeMistake,,Utilisateur
CelticShady,,Utilisateur
The-Other-Prady,,Utilisateur
kortney94,,Utilisateur
Duke-Strat0sphere_,,Utilisateur
relampago-04,,Utilisateur
MrProxima,,Utilisateur
vendetta06,,Utilisateur
ToiletBowlRing,,Utilisateur
ReyMarbella,,Utilisateur
DolGrenn,,Utilisateur
basicbrownkid_,,Utilisateur
tungsteneer_10,,Utilisateur
OriginalIndividual1,,Utilisateur
Aleksei_Ku,,Utilisateur
mister_checkers,,Utilisateur
sgvalenti,,Utilisateur
CameronPoe06,,Utilisateur
mtxne0,,Utilisateur
Apex_Redditor__,,Utilisateur
moe1048,,Utilisateur
Angelacianuro,,Utilisateur
Nate_Riley,,Utilisateur
1heb,,Utilisateur
King__36,,Utilisateur
Goldarak,,Utilisateur
boreadmengq38,,Utilisateur
Gratefulmale,,Utilisateur
321stargazer,,Utilisateur
skienowho,,Utilisateur
ant23seb,,Utilisateur
KingKaneWood,,Utilisateur
tarakonas1000,,Utilisateur
art_intel,,Utilisateur
Potential_Issue_8550,,Utilisateur
DenzelLongnuts,,Utilisateur
_Anonymous_Account_,,Utilisateur
Whitestar2261,,Utilisateur
Mental_Blacksmith_37,,Utilisateur
Zebra500mcg,,Utilisateur
last_child3,,Utilisateur
No-Age-6534,,Utilisateur
Ferrlaxa,,Utilisateur
hdlezgif,,Utilisateur
TheJerkYourMomHates,,Utilisateur
Sacred_Reputation,,Utilisateur
tori_black_addict,,Utilisateur
funmx,,Utilisateur
cmswllw,,Utilisateur
Porcelainnecklace,,Utilisateur
emotion98-3,,Utilisateur
its_a_me_0,,Utilisateur
frustrated_virgin2,,Utilisateur
DatScottishDPP,,Utilisateur
FineBooty,,Utilisateur
claudia_fan,,Utilisateur
ImpressiveRollc,,Utilisateur
carbustrain,,Utilisateur
EuroPornstars,,Utilisateur
secrettrapper,,Utilisateur
WaitingOnMyBan2,,Utilisateur
Lesbian_Gifs,,Utilisateur
FantasticContent,,Utilisateur
Spinemelter2000,,Utilisateur
good-time-charlie,,Utilisateur
nsfw_gifts,,Utilisateur
classyfer,,Utilisateur
rxxx70,,Utilisateur
kingsxmson,,Utilisateur
thedoood3,,Utilisateur
demptv,,Utilisateur
iforgotaboutitman,,Utilisateur
queenkatie101,,Utilisateur
0nemanbukkake,,Utilisateur
throwaway_V01d,,Utilisateur
Gagliarda,,Utilisateur
guberpeters,,Utilisateur
123jd123,,Utilisateur
RedRocket05,,Utilisateur
Poke-Oji,,Utilisateur
dick_tater211,,Utilisateur
trip6666,,Utilisateur
Raven_GoblinCock,,Utilisateur
New_Fry,,Utilisateur
Bllq21,,Utilisateur
dimonium_anonimo,,Utilisateur
rebordacao,,Utilisateur
cnewell420,,Utilisateur
fuzzylojiq,,Utilisateur
nomar_ramon,,Utilisateur
kgamer555,,Utilisateur
he6rt6gr6m,,Utilisateur
Dude-88,,Utilisateur
CataclysmicEnforcer,,Utilisateur
vjenkinsgo,,Utilisateur
readditerdremz,,Utilisateur
codywinters327,,Utilisateur
HWKD65,,Utilisateur
ShaketheStreet,,Utilisateur
clarissaswallowsall,,Utilisateur
Browndog888,,Utilisateur
All_The_Celebrities,,Utilisateur
World-Tight,,Utilisateur
LiquidNuke,,Utilisateur
Star_Ship_55,,Utilisateur
Naweezy,,Utilisateur
owimsad,,Utilisateur
co_ordinator,,Utilisateur
CincoDeMayoFan,,Utilisateur
blackdott44,,Utilisateur
DansJungle,,Utilisateur
VinitheTrash,,Utilisateur
ryaninflames1234,,Utilisateur
MrDaebak,,Utilisateur
ScarletWiddaContent,,Utilisateur
HellfireHomo,,Utilisateur
Lux-Fox,,Utilisateur
Ok_World_8819,,Utilisateur
lordnyrox,,Utilisateur
Lakupip,,Utilisateur
InternalDrawing7890,,Utilisateur
ChrisComments,,Utilisateur
t0niXx,,Utilisateur
Creative-Industry237,,Utilisateur
ShrapnelShock,,Utilisateur
FernsFern,,Utilisateur
Z76LN,,Utilisateur
DreamLocomotive,,Utilisateur
ThatTallGuy11,,Utilisateur
Natprk,,Utilisateur
Stuffstuffporn,,Utilisateur
Bubbanan,,Utilisateur
poopycornhole,,Utilisateur
BronxLens,,Utilisateur
vampyfreak,,Utilisateur
New_Ad2650,,Utilisateur
thedogran,,Utilisateur
NoobNup,,Utilisateur
Fancy_Willingness570,,Utilisateur
itst0ny,,Utilisateur
Bogie_Baby,,Utilisateur
morfraen,,Utilisateur
chet-,,Utilisateur
pinkshadedgirafe,,Utilisateur
hdofu,,Utilisateur
cleversailinghandle,,Utilisateur
FleekasaurusFlex,,Utilisateur
scubadoodles,,Utilisateur
feltcutewilldelete69,,Utilisateur
texican1911,,Utilisateur
DarkkViolet,,Utilisateur
Churlish_Grambungle,,Utilisateur
mydiversion,,Utilisateur
gratefulfred63,,Utilisateur
TopDawg117,,Utilisateur
HappyRamenMan,,Utilisateur
NSFAnythingAtAll,,Utilisateur
InspiraSean86,,Utilisateur
the_eiger_sanction,,Utilisateur
numbah25,,Utilisateur
blurplegreen,,Utilisateur
Guidance1230,,Utilisateur
Plus_River_8733,,Utilisateur
IssueInteresting1203,,Utilisateur
johnny_moronic,,Utilisateur
lifeishard17,,Utilisateur
theacutieee,,Utilisateur
Sophistic8tedStoner,,Utilisateur
uaef19,,Utilisateur
Infiniteconstancy,,Utilisateur
MultiTv777,,Utilisateur
noobprodigy,,Utilisateur
Tempting-tales,,Utilisateur
smihtoli,,Utilisateur
Diligent-Rice-2834,,Utilisateur
Dew-fan-forever-,,Utilisateur
Olivebuddiesforlife,,Utilisateur
sterehi,,Utilisateur
UnderstandingOk3784,,Utilisateur
elpennepiccolo,,Utilisateur
Alt_Account0000,,Utilisateur
firefly99999,,Utilisateur
Nelde,,Utilisateur
Old-Manager1029,,Utilisateur
CroakPad,,Utilisateur
NienieDreamer,,Utilisateur
DoodleTimes5e,,Utilisateur
Impressive_fun94,,Utilisateur
OutrageousEagle629,,Utilisateur
erikikoy,,Utilisateur
superidolnico,,Utilisateur
hunter15991,,Utilisateur
newfrontier58,,Utilisateur
mymomknowsyourmom,,Utilisateur
captaincanada84,,Utilisateur
theindependentonline,,Utilisateur
throwaway5272,,Utilisateur
WouldbeWanderer,,Utilisateur
Voultapher,,Utilisateur
atomlib_com,,Utilisateur
iamapizza,,Utilisateur
DocHendrix,,Utilisateur
Butcher_Of_Hope,,Utilisateur
LyleLanley99,,Utilisateur
queuedUp,,Utilisateur
samtheotter,,Utilisateur
Trowj,,Utilisateur
eyewave,,Utilisateur
Exotic-Amphibian9692,,Utilisateur
bassgod04,,Utilisateur
12512914,,Utilisateur
LandscapeBitter,,Utilisateur
tiddu,,Utilisateur
shiny_milf,,Utilisateur
Informal-Aardvark-38,,Utilisateur
tomicouple9,,Utilisateur
Blondieboo2298,,Utilisateur
Busy-Pound5345,,Utilisateur
glizzy100,,Utilisateur
ThrowRA109786,,Utilisateur
Elisarae_,,Utilisateur
Xglosergi,,Utilisateur
pool2349,,Utilisateur
SuspiciousRace,,Utilisateur
innocence-in-love,,Utilisateur
mikeyjonesnyc,,Utilisateur
RedPanda_2000,,Utilisateur
RpDubC,,Utilisateur
IslaCox,,Utilisateur
Strawbeemilk03,,Utilisateur
Intelligent_Shift832,,Utilisateur
stranger_in_danger,,Utilisateur
Blutfeuerdrache,,Utilisateur
Impossible-Hawk-4917,,Utilisateur
throwaway_sexposts,,Utilisateur
OCE4NIC559,,Utilisateur
eagertenderlover,,Utilisateur
Elf_Secrets,,Utilisateur
Dzociate,,Utilisateur
RetroSpaceCat,,Utilisateur
CockyMechanic,,Utilisateur
tatedavis1,,Utilisateur
Sweet-Parfait5427,,Utilisateur
TheFacetiousDeist,,Utilisateur
darkkcop1234,,Utilisateur
u_know_its_m3,,Utilisateur
bi-loser99,,Utilisateur
callmeRAID,,Utilisateur
FeatheredDrake,,Utilisateur
SleepyMage,,Utilisateur
David_Umann,,Utilisateur
BassPlayn_Mainer42,,Utilisateur
smedsterwho,,Utilisateur
Budakra,,Utilisateur
hearsdemons,,Utilisateur
Andrew852456,,Utilisateur
thegreekgodzeus,,Utilisateur
TailstheTwoTailedFox,,Utilisateur
mo8414,,Utilisateur
TheAsianOne_wc,,Utilisateur
robinson217,,Utilisateur
InfinityScientist,,Utilisateur
jahpizzie,,Utilisateur
weeblord42069help,,Utilisateur
starleobc,,Utilisateur
eggtart_prince,,Utilisateur
IAmBlack626,,Utilisateur
Wizzardlime45,,Utilisateur
DumbestBoy,,Utilisateur
theatahhh,,Utilisateur
ProfessorCummunist,,Utilisateur
Wakanda-shit-is-that,,Utilisateur
Hokage123456789,,Utilisateur
thelonesomedemon1,,Utilisateur
70dd,,Utilisateur
pecika,,Utilisateur
Elsa-Fidelis,,Utilisateur
miso25,,Utilisateur
deron666,,Utilisateur
the6thReplicant,,Utilisateur
FrostyAcanthocephala,,Utilisateur
GremiMan,,Utilisateur
E-nygma7000,,Utilisateur
PrincessBananas85,,Utilisateur
itsmrben,,Utilisateur
C_leth,,Utilisateur
mouse1093,,Utilisateur
Smooth_Use9092,,Utilisateur
Soaring-Eagle-1861,,Utilisateur
WhatEvery1sThinking,,Utilisateur
jackarywoo,,Utilisateur
InkedDisaster,,Utilisateur
mattymatchu,,Utilisateur
ARandomMex,,Utilisateur
zblaze90,,Utilisateur
oliviaroseart,,Utilisateur
Nuggets_R_Uss,,Utilisateur
Yuca420,,Utilisateur
avalon18,,Utilisateur
subtyler,,Utilisateur
Corporateblondy93,,Utilisateur
shines270,,Utilisateur
pyropup55,,Utilisateur
Gralenis,,Utilisateur
FinalxGirl,,Utilisateur
solitarywallflower,,Utilisateur
Kaystickedoff,,Utilisateur
H4km4N,,Utilisateur
FenrirIII,,Utilisateur
electromagneticpost,,Utilisateur
Dcm210,,Utilisateur
Randomlynumbered,,Utilisateur
guruenc,,Utilisateur
Spagetti13,,Utilisateur
redditoregonuser2254,,Utilisateur
Thedemonbehindu,,Utilisateur
Hidethegoodbiscuits,,Utilisateur
occono,,Utilisateur
astakask,,Utilisateur
itscharliewhite,,Utilisateur
laurabug92,,Utilisateur
drknight098,,Utilisateur
PabyDaby,,Utilisateur
creativ_depressiv,,Utilisateur
ChungusSamaWalksIn,,Utilisateur
DarkInkPixie,,Utilisateur
Butterleg,,Utilisateur
fuzzyone06,,Utilisateur
em-ay-tee,,Utilisateur
mdr_istan,,Utilisateur
Lemoverlord_reborn,,Utilisateur
mrtodd19,,Utilisateur
TonyClifton323,,Utilisateur
DangerDoll_420,,Utilisateur
Logical-Command,,Utilisateur
illuminati-88,,Utilisateur
Jarek86,,Utilisateur
DENNIS-me-pls,,Utilisateur
AppointmentHot1099,,Utilisateur
Delicious_Delilah,,Utilisateur
BeastCheng,,Utilisateur
Anova4,,Utilisateur
iamdream,,Utilisateur
Christinedrink,,Utilisateur
freekicker_,,Utilisateur
DarthKnight1977,,Utilisateur
Dreadsbo,,Utilisateur
PandaPlayr73,,Utilisateur
Freshest-Raspberry,,Utilisateur
wiseguy887,,Utilisateur
RatedRGamer,,Utilisateur
BIMFgang,,Utilisateur
Shatter4468,,Utilisateur
BLKxGOLD,,Utilisateur
PerpetuallyUnreal,,Utilisateur
Appsroooo,,Utilisateur
yc4275,,Utilisateur
acidic_milkmotel,,Utilisateur
Xizziano,,Utilisateur
leahmd93,,Utilisateur
demon-baal,,Utilisateur
lanky_specky,,Utilisateur
Flo_Evans,,Utilisateur
inkzpenfoxx,,Utilisateur
TemplarKnightXII,,Utilisateur
sanandrios,,Utilisateur
OMG__Ponies,,Utilisateur
delano1998,,Utilisateur
TravellingWino,,Utilisateur
JAV0K,,Utilisateur
DietDrBleach,,Utilisateur
ejk1414,,Utilisateur
black_rose_,,Utilisateur
bonedaddyd,,Utilisateur
greatmanyarrows,,Utilisateur
MechanicalTurkish,,Utilisateur
jamescookenotthatone,,Utilisateur
HanniGunz,,Utilisateur
Super_Goomba64,,Utilisateur
jadeoracle,,Utilisateur
redsdf17,,Utilisateur
kbsths99,,Utilisateur
inquisitiveman2002,,Utilisateur
legalizeNature22,,Utilisateur
420badbee,,Utilisateur
redditor01020,,Utilisateur
BudmanGardens,,Utilisateur
Dante_Foshokyo,,Utilisateur
sushi_rolling,,Utilisateur
AnAvatarNamedAang,,Utilisateur
StupidMario64,,Utilisateur
EUwallace,,Utilisateur
Dr_barfenstein,,Utilisateur
dspman11,,Utilisateur
luckylungs678,,Utilisateur
Paint_Extension,,Utilisateur
WeedFairie,,Utilisateur
colenotphil,,Utilisateur
SoThatHappened,,Utilisateur
Brophymusprime,,Utilisateur
devinssss,,Utilisateur
Send_Me_Bee_Stuff,,Utilisateur
Spader623,,Utilisateur
Academic-Monitor-156,,Utilisateur
Better-Journalist-63,,Utilisateur
421Store,,Utilisateur
msfmatmoo,,Utilisateur
o-uch,,Utilisateur
Lovingbutdifferent,,Utilisateur
CeilingCarpet,,Utilisateur
Rainbow_Explosion,,Utilisateur
kallisti_gold,,Utilisateur
jungkookshabibti,,Utilisateur
RoseGoldFern,,Utilisateur
Missspriss,,Utilisateur
DJ1996_,,Utilisateur
JovialLizardPerson,,Utilisateur
teganserene,,Utilisateur
20Keller12,,Utilisateur
Alarmed_Orchid_2744,,Utilisateur
Willow-Eyes,,Utilisateur
endoftimeokay,,Utilisateur
MissKoshka,,Utilisateur
Sargent_AssEater,,Utilisateur
Nearby-Simple-7594,,Utilisateur
this_username,,Utilisateur
wisesalt34,,Utilisateur
NICOLETTE_ANN,,Utilisateur
EyeSimp4Asuka,,Utilisateur
venomhamsa,,Utilisateur
bait223,,Utilisateur
bhendibazar,,Utilisateur
shobhitone,,Utilisateur
Br_Cyberhunter,,Utilisateur
AnnaSophiaHubby5,,Utilisateur
Delicious_juice,,Utilisateur
DiegoSikora,,Utilisateur
DoINeed1OfThese,,Utilisateur
Witty-Traffic7546,,Utilisateur
SaurikSI,,Utilisateur
legomantis,,Utilisateur
AmethystOrator,,Utilisateur
Major-Mobile,,Utilisateur
ipwnpickles,,Utilisateur
peternelleoods,,Utilisateur
bufonia1,,Utilisateur
therejectethan,,Utilisateur
albinoman38,,Utilisateur
DaftFunky,,Utilisateur
68Cadillac,,Utilisateur
spearhead30,,Utilisateur
loztriforce,,Utilisateur
helpmeredditimbored,,Utilisateur
upvoter222,,Utilisateur
youngbuck-,,Utilisateur
JackFisherBooks,,Utilisateur
lostacoshermanos,,Utilisateur
Clbull,,Utilisateur
sherrintini,,Utilisateur
emil-p-emil,,Utilisateur
PastIndicator,,Utilisateur
jdraimer,,Utilisateur
bigni44a,,Utilisateur
ShehrozeAkbar,,Utilisateur
Endlesness,,Utilisateur
psocretes,,Utilisateur
iHeisenburger,,Utilisateur
Stign,,Utilisateur
CrazyAssBlindKid,,Utilisateur
Anirudha1999,,Utilisateur
d_insecure_b,,Utilisateur
KilllerWhale,,Utilisateur
samysquirrel,,Utilisateur
mesalinna,,Utilisateur
SteelyDan1968,,Utilisateur
Charming_Reporter_18,,Utilisateur
desdenation,,Utilisateur
leograbonde,,Utilisateur
creepthekid_,,Utilisateur
_DeLEON,,Utilisateur
Fiona_Anne,,Utilisateur
talalsaud1121,,Utilisateur
Crafterzzlooks,,Utilisateur
Otherwise_Section_27,,Utilisateur
bestial_moody,,Utilisateur
Zardif,,Utilisateur
Hope_Alice,,Utilisateur
rWoahDude,,Utilisateur
RealPublicNudity_RPN,,Utilisateur
doozersworkhard9,,Utilisateur
breanmayer16,,Utilisateur
OoiraqiwomenoO,,Utilisateur
GINKO-ULTRA-3000,,Utilisateur
namecannotbeblankk,,Utilisateur
born_to_be_intj,,Utilisateur
1tsM3YaBoi,,Utilisateur
Naneepdf,,Utilisateur
jzbe,,Utilisateur
dreamsmallactbig,,Utilisateur
RandoEncounter,,Utilisateur
Brent_Fox,,Utilisateur
FullmetalHippie,,Utilisateur
kznsq,,Utilisateur
szalinski,,Utilisateur
Pick2,,Utilisateur
matchettehdl,,Utilisateur
MycologistFit,,Utilisateur
dawnhammer4018,,Utilisateur
kaioone,,Utilisateur
soldierofcinema,,Utilisateur
NerdSlayer4253,,Utilisateur
ofprettypao,,Utilisateur
ProfezionalDreamer,,Utilisateur
calbert1735,,Utilisateur
W1ngedSentinel,,Utilisateur
DieterVonDietrich,,Utilisateur
Wafran,,Utilisateur
Historical-Bug-4784,,Utilisateur
Bloodgulch-Idiot,,Utilisateur
Paper_Shotgun,,Utilisateur
darkwulf1,,Utilisateur
Endulos,,Utilisateur
Asxock,,Utilisateur
MaetelofLaMetal,,Utilisateur
reallygoodbee,,Utilisateur
sue_donyem,,Utilisateur
pshiel23,,Utilisateur
Silverman7688,,Utilisateur
Gloryblackjack,,Utilisateur
No-Cake-430,,Utilisateur
No-Trick2389,,Utilisateur
Affectionate_Bit_722,,Utilisateur
Komrade_Yuri,,Utilisateur
IndependentWin6,,Utilisateur
shamansufi,,Utilisateur
LegitimateSample8352,,Utilisateur
mai-moi,,Utilisateur
djboom05,,Utilisateur
pusinski,,Utilisateur
UrChiksLateNiteTip,,Utilisateur
IdanTs,,Utilisateur
deckychong,,Utilisateur
vladwolfienstern,,Utilisateur
lostproton,,Utilisateur
baconroll2022,,Utilisateur
drphilthy,,Utilisateur
SummerTrill,,Utilisateur
Pumuckl4Life,,Utilisateur
Purloinhorns-woggle,,Utilisateur
Super_Significance8,,Utilisateur
Regina_Phalanged,,Utilisateur
MattAtPlaton,,Utilisateur
iambriansloan,,Utilisateur
TankMilkJake,,Utilisateur
Sheik-Slayer,,Utilisateur
VeryVansPoop,,Utilisateur
zuccoff,,Utilisateur
Jono-san,,Utilisateur
LeahBrowntine,,Utilisateur
Timmar92,,Utilisateur
brotherToast13,,Utilisateur
